Downstate - New York,7 Skies Junk Disposal,17434, 20.00 , -   , -   , -   , -   , -   , 20.00 ,Banked,,Downstate - New York
Downstate - New York,Adelphi University (MSA),17435, 684.00 , -   , -   , -   , -   , -   , 684.00 ,Banked,,Downstate - New York
Emerging Midwest,Agnes Scott College (MSA),17436, -   , -   , -   , -   , -   , -   , -   ,Confirmed - No Donations,,Georgia
Emerging Midwest,Al Amin Halal Super Market & Restaurant,17437, -   , -   , -   , -   , -   , -   , -   ,Confirmed - No Donations,,Georgia
Emerging Midwest,Al Huda Groceries,17438, -   , -   , -   , -   , -   , -   , -   ,Confirmed - No Donations,,Georgia
Downstate - New York,Al-Ihsan Academy,17439, 400.00 , -   ," 5,426.00 ", -   , -   , -   ," 5,826.00 ",Banked,,Downstate - New York
New England,Al-Noor Academy,17440," 1,572.00 ", -   , -   , -   , -   , -   ," 1,572.00 ",Banked,,Massachusetts
New England,Al-Noor Academy,17441, -   , -   , -   , -   , -   , -   , -   ,Banked,N/A - Disregard (Duplicate),Massachusetts
Emerging Midwest,Alabama College of Osteopathic Medicine,17442," 1,901.00 ", -   , -   , -   , -   , -   ," 1,901.00 ",Banked,,Alabama
Houston - Texas,Alief Early College High School (MSA),17443, -   , -   , -   , -   , -   , -   , -   ,Confirmed - No Donations,,Houston - Texas
Houston - Texas,Almeta Crawford Highschool (MSA),17444, -   , -   , -   , -   , -   , -   , -   ,Confirmed - No Donations,,Houston - Texas
Downstate - New York,"American Medical Muslim Student Association, New York",17445, 631.00 , -   , -   , -   , -   , -   , 631.00 ,Banked,,Downstate - New York
New England,Amherst College (MSA),17446," 1,546.00 ", -   , -   , -   , -   , -   ," 1,546.00 ",Banked,,Massachusetts
North Carolina,Amir Institute,17447, -   , -   , -   , -   , -   , -   , -   ,Confirmed - No Donations,,North Carolina
Downstate - New York,ANSAR,17448, 50.00 , -   , -   , -   , -   , -   , 50.00 ,Banked,,Downstate - New York
National,Areba Bintmahbub,17449, -   , -   , -   , -   , -   , -   , -   ,Banked,,
Emerging Southwest,Arizona State University (MSA),17450, 138.00 , -   , -   , -   , -   , -   , 138.00 ,Banked,,Arizona
North Carolina,Artist Ummah,17451, 209.00 , -   , -   , -   , -   , -   , 209.00 ,Banked,,North Carolina
Houston - Texas,Atascocita High School (MSA),17452, -   , -   , -   , -   , -   , -   , -   ,Confirmed - No Donations,,Houston - Texas
Emerging Midwest,Augsburg University (MSA),17453, -   , -   , -   , -   , -   , -   , -   ,Not Banked,,Minnesota
Emerging Midwest,Augusta University (MSA),17454, 493.00 , 486.12 , -   , -   , -   , -   , 979.12 ,Banked,,Georgia
New England,Babson College (MSA),17455, 682.00 , -   , -   , -   , -   , -   , 682.00 ,Banked,,Massachusetts
Downstate - New York,Baccalaureate School for Global Education (MSA),17456, -   , -   , -   , -   , -   , 116.21 , 116.21 ,Banked,,Downstate - New York
Emerging Midwest,Bangladesh Halal Meat & Grocery,17457, 40.00 , -   , -   , -   , -   , -   , 40.00 ,Banked,,Georgia
Upstate - New York,Barakah and Belonging Sisters Community Group,17458, -   , -   , -   , -   , -   , -   , -   ,Confirmed - No Donations,,Upstate - New York
New England,Bay Path university (MSA),17459, 150.00 , -   , -   , -   , -   , -   , 150.00 ,Banked,,Massachusetts
Houston - Texas,Baylor College of Medicine (MSA),17460, -   , -   , -   , -   , -   , -   , -   ,Confirmed - No Donations,,Houston - Texas
New Jersey,Baytul-Iman Academy,17461, 405.00 , -   , -   , -   , -   , -   , 405.00 ,Banked,,New Jersey
Houston - Texas,Bellaire (MSA),17462, -   , -   , -   , -   , -   , -   , -   ,Confirmed - No Donations,,Houston - Texas
Emerging Midwest,Belmont University (MSA),17463, 100.00 , -   , -   , -   , -   , -   , 100.00 ,Banked,,Tennessee
New England,Bentley University (MSA),17464," 1,123.15 ", -   , -   , -   , -   , -   ," 1,123.15 ",Banked,,Massachusetts
California,Berkeley Masjid Saturday School,17465, 803.00 , -   , -   , -   ," 1,460.00 ", -   ," 2,263.00 ",Banked,,California
Upstate - New York,Bethlehem Central High School (MSA),17466, 10.00 , -   , 285.00 , -   , -   , -   , 295.00 ,Banked,,Upstate - New York
Upstate - New York,Binghamton University (MSA),17467, -   , -   , -   ," 1,249.50 ", -   , -   ," 1,249.50 ",Banked,,Upstate - New York
Emerging Midwest,Bismillah Cafe,17468, -   , -   , -   , -   , -   , -   , -   ,Banked,,Georgia
New England,Boston College (MSA),17469," 2,927.15 ", -   , -   , -   , -   , -   ," 2,927.15 ",Banked,,Massachusetts
New England,Bowdoin College (MSA ),17470," 1,000.00 ", -   , -   , -   , -   , -   ," 1,000.00 ",Banked,,Maine
Houston - Texas,Brand Land Islamic Center,17471, 100.00 , -   , -   , -   , -   , -   , 100.00 ,Banked,,Houston - Texas
Houston - Texas,Bridgeland High School (MSA),17472, -   , -   , -   , -   , -   , -   , -   ,Not Banked,,Houston - Texas
New England,Bridgewater State University (MSA),17473, -   , -   , -   , -   , -   , -   , -   ,Banked,,Massachusetts
California,Bridging The Gap (OCIF),17474," 1,240.00 ", -   , -   , -   , -   , -   ," 1,240.00 ",Banked,,California
Downstate - New York,Brooklyn Technical High School (MIST),17475, 673.00 , -   , -   , -   , -   , -   , 673.00 ,Banked,,Downstate - New York
Florida,Broward College Central Campus (MSA),17476, 202.00 , -   , -   , -   , -   , -   , 202.00 ,Banked,,Florida
New England,Brown University (MSA),17477, 632.20 , 20.00 , -   , -   , -   , -   , 652.20 ,Banked,,Rhode Island
California,"California State Polytechnic University, Pomona (MSA)",17478," 5,100.00 ", -   , -   , -   , -   , -   ," 5,100.00 ",Banked,,California
California,"California State University, Fresno (MSA)",17479, 245.00 , -   , 345.00 , -   , -   , -   , 590.00 ,Banked,,California
California,"California State University, Fullerton (MSA)",17480," 1,360.00 ", -   , -   , -   , -   , -   ," 1,360.00 ",Banked,,California
California,"California State University, Long Beach (MSA)",17481, -   , 200.00 , -   , -   , -   , -   , 200.00 ,Banked,,California
California,"California State University, Northridge (MSA)",17482, 746.00 , -   , -   , -   , -   , -   , 746.00 ,Banked,,California
California,"California State University, Sacramento (MSA)",17483," 2,660.00 ", -   , -   , -   , -   , -   ," 2,660.00 ",Banked,,California
California,"California State University, San Marcos (MSA)",17484, -   , 100.00 , -   , -   , -   , -   , 100.00 ,Banked,,California
Upstate - New York,Canisius University (MSA),17485, 326.00 , 12.56 , -   , -   , -   , -   , 338.56 ,Banked,,Upstate - New York
Downstate - New York,Cardozo High School (MSA),17486," 4,531.00 ", -   , -   , -   , -   , -   ," 4,531.00 ",Banked,,Downstate - New York
Emerging Midwest,Carnegie Mellon University (MSA),17487," 3,200.00 ", -   , -   , -   , -   , -   ," 3,200.00 ",Banked,,Pennsylvania
Houston - Texas,Carnegie Vanguard High School (MSA),17488, -   , -   , -   , -   , -   , -   , -   ,Confirmed - No Donations,,Houston - Texas
North Carolina,Cary Masjid Youth,17489, -   , -   , -   , -   , -   , -   , -   ,Confirmed - No Donations,,North Carolina
California,Chapman University (MSA),17490, -   , -   , -   , 118.22 , -   , -   , 118.22 ,Banked,,California
Houston - Texas,Churchill Fulshear High School (MSA),17491, -   , -   , -   , -   , -   , -   , -   ,Confirmed - No Donations,,Houston - Texas
Houston - Texas,Cinco Ranch Highschool (MSA),17492, -   , -   , -   , -   , -   , -   , -   ,Not Banked,,Houston - Texas
Houston - Texas,Clear Horizons Early College High School (MSA),17493, -   , -   , -   , -   , -   , -   , -   ,Confirmed - No Donations,,Houston - Texas
Houston - Texas,Clear Lake High School (MSA),17494, -   , -   , -   , -   , -   , -   , -   ,Confirmed - No Donations,,Houston - Texas
Houston - Texas,Clear Springs High School (MSA),17495, -   , -   , -   , -   , -   , -   , -   ,Confirmed - No Donations,,Houston - Texas
Upstate - New York,Colgate University (MSA),17496, 508.00 , -   , -   , -   , -   , -   , 508.00 ,Banked,,Upstate - New York
Emerging Midwest,College of DuPage (MSA),17497, -   , -   , -   , -   , -   , -   , -   ,Not Banked,,Illinois
Emerging Midwest,College Preparatory School of America,17498," 19,941.00 ", -   , -   , -   , -   , -   ," 19,941.00 ",Banked,,Illinois
Downstate - New York,Columbia University (MSA),17499," 13,431.00 ", -   , -   , -   , -   , -   ," 13,431.00 ",Banked,,Downstate - New York
Downstate - New York,Columbia University Graduate School (MSA),17500," 2,107.00 ", -   , -   , -   , -   , -   ," 2,107.00 ",Banked,,Downstate - New York
Upstate - New York,Cornell University (MSA),17501," 1,695.00 ", -   , -   , -   , -   , -   ," 1,695.00 ",Banked,,Upstate - New York
Emerging Southwest,Creighton University (MSA),17502, 200.00 , 255.00 , -   , -   , -   , -   , 455.00 ,Banked,,Nebraska
Downstate - New York,"CUNY, Baruch College (MSA)",17503," 25,548.00 ", -   , -   , -   , -   , -   ," 25,548.00 ",Banked,,Downstate - New York
Downstate - New York,"CUNY, Brooklyn College (MSA)",17504," 3,333.00 ", -   , -   , -   , -   , -   ," 3,333.00 ",Banked,,Downstate - New York
Downstate - New York,"CUNY, City College of New York (MSO&WII)",17505," 75,990.00 ", -   ," 21,517.76 ", -   ," 48,000.00 ", -   ," 145,507.76 ",Banked,,Downstate - New York
Downstate - New York,"CUNY, College of Staten Island (MSA)",17506," 2,000.00 ", -   , -   , -   , -   , -   ," 2,000.00 ",Banked,,Downstate - New York
Downstate - New York,"CUNY, Hunter College (MSA)",17507," 25,207.00 ", -   , -   , -   ," 29,450.00 ", -   ," 54,657.00 ",Banked,,Downstate - New York
Downstate - New York,"CUNY, John Jay College (MSA)",17508," 6,654.00 ", -   , -   , -   , -   , -   ," 6,654.00 ",Banked,,Downstate - New York
Downstate - New York,"CUNY, Lehman College (MSA)",17509," 1,135.00 ", -   , -   , -   , -   , -   ," 1,135.00 ",Banked,,Downstate - New York
Florida,Cypress Bay High School (MSA),17510, 156.00 , -   , -   , -   , -   , -   , 156.00 ,Banked,,Florida
Houston - Texas,Cypress Ranch High School (MSA),17511, -   , -   , -   , -   , -   , -   , -   ,Confirmed - No Donations,,Houston - Texas
Houston - Texas,Cypress Springs High School (MSA),17512, -   , -   , -   , -   , -   , -   , -   ,Confirmed - No Donations,,Houston - Texas
Houston - Texas,Cypress Woods Highschool (MSA),17513, -   , -   , -   , -   , -   , -   , -   ,Confirmed - No Donations,,Houston - Texas
New England,Dartmouth College (MSA),17514, 555.00 , -   , -   , -   , -   , -   , 555.00 ,Banked,,New Hampshire
North Carolina,Davidson College (MSA),17515, -   , -   , -   , -   , -   , -   , -   ,Confirmed - No Donations,,North Carolina
Emerging Midwest,DePaul University (UMMA),17516, 525.00 , -   , -   , -   , -   , -   , 525.00 ,Banked,,Illinois
Emerging Midwest,Desi Bazaar & Halal Meat,17517, -   , -   , -   , -   , -   , -   , -   ,Confirmed - No Donations,,Georgia
Emerging Midwest,Drexel University (MSA),17518," 2,234.00 ", -   , -   , -   , -   , -   ," 2,234.00 ",Banked,,Pennsylvania
North Carolina,Duke University (MSA),17519, -   , -   , -   , -   , -   , -   , -   ,Confirmed - No Donations,,North Carolina
Houston - Texas,Dulles High School (MSA),17520, -   , -   , -   , -   , -   , -   , -   ,Banked,,Houston - Texas
Michigan,Eastern Michigan University (MSA),17521, 139.00 , -   , -   , -   , -   , -   , 139.00 ,Banked,,Michigan
Downstate - New York,Eidi4Kids,17522, -   , -   , -   , -   , -   , -   , -   ,Confirmed - No Donations,,Downstate - New York
Houston - Texas,Elkins High School (MSA),17523, -   , -   , -   , -   , -   , -   , -   ,Confirmed - No Donations,,Houston - Texas
Emerging Midwest,Elmhurst University (MSA),17524," 1,465.00 ", -   , -   , -   , -   , -   ," 1,465.00 ",Banked,,Illinois
Houston - Texas,Elsik High School (MSA),17525, -   , -   , -   , -   , -   , -   , -   ,Confirmed - No Donations,,Houston - Texas
New England,Emmanuel College (MSA),17526," 1,308.15 ", -   , -   , -   , -   , -   ," 1,308.15 ",Banked,,Massachusetts
Emerging Midwest,Ethiopian Youth Muslim Association of Nashville,17527, 185.00 , -   , -   , -   , -   , -   , 185.00 ,Confirmed - No Donations,,Tennessee
Florida,Everglades High School (MSA),17528, 80.00 , -   , -   , -   , -   , -   , 80.00 ,Banked,,Florida
New Jersey,"Fairleigh Dickinson University, Florham (MSA)",17529, -   , -   , -   , 646.00 , -   , -   , 646.00 ,Banked,,New Jersey
New Jersey,"Fairleigh Dickinson University, Metro (MSA)",17530, -   , -   , -   , -   , -   , -   , -   ,Confirmed - No Donations,,New Jersey
Emerging Midwest,Fariha Baburi,17531, -   , -   , -   , -   , -   , -   , -   ,Banked,,Georgia
Downstate - New York,Fashion Institute of Technology (MSU),17532, 600.00 , -   , -   , -   , -   , -   , 600.00 ,Banked,,Downstate - New York
Florida,Flagler Masjid,17533, 150.00 , -   , -   , -   , -   , -   , 150.00 ,Banked,,Florida
Florida,Florida Atlantic University (MSA),17534, 365.00 , -   , -   , -   , -   , -   , 365.00 ,Banked,,Florida
Florida,Florida International University (MSA),17535," 2,026.00 ", -   , -   , -   , -   , -   ," 2,026.00 ",Banked,,Florida
Downstate - New York,Fordham University (MSA),17536," 10,808.00 ", -   , -   , -   , -   , -   ," 10,808.00 ",Banked,,Downstate - New York
Houston - Texas,Freeman High School (MSA),17537, -   , -   , -   , -   , -   , -   , -   ,Confirmed - No Donations,,Houston - Texas
New Jersey,Fusion Muslim Community Center of North Jersey,17538, 321.00 , 29.00 , -   , -   , -   , 439.00 , 789.00 ,Banked,,New Jersey
DMV,Gallaudet University (MSA),17539, 255.00 , -   , -   , -   , -   , 504.00 , 759.00 ,Banked,,D.C.
DMV,George Mason University (MSA),17540, 454.00 , 268.77 , -   , -   , -   , -   , 722.77 ,Banked,,Virginia
DMV,George Washington University (MSA),17541, 623.00 , -   , -   , -   , -   , -   , 623.00 ,Banked,,D.C.
DMV,Georgetown University (MSA),17542," 4,199.00 ", -   , -   , -   , -   , -   ," 4,199.00 ",Banked,,D.C.
Emerging Midwest,Georgia Gwinnett College (MSA),17543, 254.00 , -   , -   , -   , -   , -   , 254.00 ,Banked,,Georgia
Emerging Midwest,Georgia State University (SJU),17544, 232.00 , -   , -   , -   , -   , -   , 232.00 ,Banked,,Georgia
Downstate - New York,Glamabayasss,17545, 445.00 , -   , -   , -   , -   , -   , 445.00 ,Banked,,Downstate - New York
Houston - Texas,Glenda Dawson High School (MSA),17546, -   , -   , -   , -   , -   , -   , -   ,Confirmed - No Donations,,Houston - Texas
Downstate - New York,Googlers,17547, 250.00 , -   , -   , -   , -   , -   , 250.00 ,Banked,,Downstate - New York
North Carolina,Halal Heels (MSA),17548, -   ," 1,050.00 ", -   , -   , -   , -   ," 1,050.00 ",Banked,,North Carolina
Upstate - New York,Hamilton College (MSA),17549," 2,308.00 ", -   , -   , -   , -   , -   ," 2,308.00 ",Banked,,Upstate - New York
Emerging Midwest,Hamline University (MSA),17550," 1,454.00 ", -   , -   , -   , -   , -   ," 1,454.00 ",Banked,,Minnesota
Houston - Texas,Hightower Highschool (MSA),17551, -   , -   , -   , -   , -   , -   , -   ,Not Banked,,Houston - Texas
Downstate - New York,Hofstra University (MSA),17552, 319.00 , -   , -   , -   , -   , -   , 319.00 ,Banked,,Downstate - New York
Houston - Texas,Houston North West High School (MSA),17553, -   , -   , -   , -   , -   , -   , -   ,Confirmed - No Donations,,Houston - Texas
Downstate - New York,Icahn School of Medicine at Mount Sinai (MSA),17554, -   , -   , -   , -   , -   , -   , -   ,Confirmed - No Donations,,Downstate - New York
Emerging Midwest,Illinois Institute of Technology (MSA),17555, -   , -   , -   , -   , -   , -   , -   ,Banked,,Illinois
Emerging Midwest,"Indiana University, Bloomington (MSA)",17556," 2,097.00 ", -   , -   , -   , -   , -   ," 2,097.00 ",Banked,,Indiana
Emerging Midwest,"Indiana University, Southeast (MSA)",17557, 700.00 , -   , -   , -   , -   , -   , 700.00 ,Banked,,Indiana
Emerging Midwest,Iowa State University (MSA),17558, -   , -   , -   , -   , -   , -   , -   ,Banked,,Iowa
Houston - Texas,iSchool High School at University Park (MSA),17559, 134.00 , -   , -   , -   , -   , -   , 134.00 ,Banked,,Houston - Texas
Dallas - Texas,Islamic Center of Frisco,17560, -   , -   , -   , -   , -   , -   , -   ,Banked,,Dallas - Texas
California,Islamic Center of Hawthorne Weekend School,17561," 3,006.00 ", -   , -   , -   , -   , -   ," 3,006.00 ",Banked,,California
Emerging Midwest,Islamic Center of Johnson County Youth Department,17562," 9,075.00 ", -   , 200.00 , -   , -   , -   ," 9,275.00 ",Banked,,Kansas City
Downstate - New York,Islamic Center of Long Island Youth,17563, 559.00 , -   , -   , -   , -   , -   , 559.00 ,Banked,,Downstate - New York
Florida,Islamic Center of Weston,17564, 422.00 , -   , -   , -   , -   , -   , 422.00 ,Banked,,Florida
Downstate - New York,Islamic Learning Center of New York City,17565, -   , -   , -   , -   , -   , -   , -   ,Confirmed - No Donations,,Downstate - New York
Upstate - New York,Islamic Relief at University of Buffalo,17566," 2,870.00 ", -   , -   , -   , -   , -   ," 2,870.00 ",Banked,,Upstate - New York
New England,Islamic Society of Boston Sunday school,17567," 1,502.00 ", -   , -   , -   , -   , -   ," 1,502.00 ",Banked,,Massachusetts
New England,Islamic Society of Boston University,17568," 4,190.15 ", -   , -   , -   , -   , -   ," 4,190.15 ",Banked,,Massachusetts
New England,Islamic Society of Boston Youth Programs,17569, -   , -   , -   , -   , -   , -   , -   ,Confirmed - No Donations,"mixed up with sunday school previously, Youth program one wasn't active",Massachusetts
California,Islamic Society of Corona-Norco Youth,17570, 142.00 , -   , -   , -   , -   , -   , 142.00 ,Banked,,California
New England,Islamic Society of Northeastern University,17571," 6,462.15 "," 2,000.00 ", -   , -   , -   , -   ," 8,462.15 ",Banked,,Massachusetts
New England,Islamic Society of Western Massachusetts,17572," 1,550.00 ", -   , -   , -   , -   , -   ," 1,550.00 ",Banked,,Massachusetts
Downstate - New York,Jahan Holdings LLC,17573, -   , -   , -   , -   , -   , -   , -   ,Confirmed - No Donations,,Downstate - New York
Downstate - New York,Jamaica Muslim Center,17574, 20.00 , -   , -   , -   , -   , -   , 20.00 ,Banked,,Downstate - New York
DMV,James Madison University (MSA),17575," 7,300.00 ", -   , -   , -   , -   , -   ," 7,300.00 ",Banked,,Virginia
Emerging Midwest,John Carroll University (MSA),17576, -   , -   , -   , -   , -   , -   , -   ,Not Banked,,Ohio
DMV,Johns Hopkins University (MSA),17577," 2,050.00 ", -   , -   , -   , -   , -   ," 2,050.00 ",Banked,,Maryland
New England,Johnson & Wales University (MSA),17578, 300.00 , -   , -   , -   , -   , -   , 300.00 ,Banked,,Rhode Island
Emerging Midwest,Johnson County Community College (MSA),17579," 1,010.00 ", -   , -   , -   , -   , -   ," 1,010.00 ",Banked,,Kansas City
Houston - Texas,Jordan High School (MSA),17580, -   , -   , -   , -   , -   , -   , -   ,Not Banked,,Houston - Texas
Emerging Midwest,Kansas State University (MSA),17581, -   , -   , -   , -   , -   , -   , -   ,Confirmed - No Donations,,Kansas
Emerging Midwest,Karamah,17582, -   , -   , -   , -   , -   , -   , -   ,Banked,,Georgia
North Carolina,Kasbah Koffee,17583, -   , 126.00 , -   , -   , -   , -   , 126.00 ,Banked,,North Carolina
Houston - Texas,Katy High School (MSA),17585, -   , -   , -   , -   , -   , -   , -   ,Confirmed - No Donations,,Houston - Texas
New Jersey,Kean University (MSA),17586, 641.00 , -   , -   , -   , -   , -   , 641.00 ,Banked,,New Jersey
Emerging Midwest,Kelly Crosby Art,17587, -   , -   , -   , -   , -   , -   , -   ,Banked,,Georgia
Houston - Texas,Kempner High School (MSA),17588, 10.00 , -   , -   , -   , -   , -   , 10.00 ,Banked,,Houston - Texas
Emerging Midwest,Kent State University (MSA),17589, -   , 50.00 , -   , -   , -   , -   , 50.00 ,Banked,,Ohio
Houston - Texas,Kerr (MSA),17590, 5.00 , -   , -   , -   , -   , -   , 5.00 ,Banked,,Houston - Texas
Houston - Texas,Kingwood High School (MSA),17591, 100.00 , -   , -   , -   , -   , -   , 100.00 ,Banked,,Houston - Texas
Houston - Texas,Klein Collins (UMA/MSA),17592, -   , -   , -   , -   , -   , -   , -   ,Confirmed - No Donations,,Houston - Texas
California,LA Muslims Social Club,17593, 505.00 , -   , -   , -   , 600.00 , -   ," 1,105.00 ",Banked,,California
Downstate - New York,Lafayette High School (MSA),17594, -   , -   , -   , -   , -   , -   , -   ,Confirmed - No Donations,,Downstate - New York
Upstate - New York,Lake Erie College of Osteopathic Medicine at Elmira (MMSA),17595, 120.00 , -   , -   , -   , -   , -   , 120.00 ,Banked,,Upstate - New York
Emerging Midwest,Lane Tech College Prep High School (MSA),17596, 90.00 , -   , -   , -   , -   , -   , 90.00 ,Banked,,Illinois
DMV,Langley High School (MSA),17597, -   , -   , -   , -   , -   , -   , -   ,Not Banked,Waiting for final update,Virginia
Emerging Midwest,LECOM AMMSA,17598, 5.00 , -   , -   , -   , -   , -   , 5.00 ,Confirmed - No Donations,,Pennsylvania
Emerging Midwest,Lehigh University (MSA),17599," 3,626.00 ", -   , -   , -   ," 3,200.00 ", -   ," 6,826.00 ",Banked,,Pennsylvania
Downstate - New York,"Long Island University, Brooklyn (MSA)",17600, 800.00 , -   , -   , -   , -   , -   , 800.00 ,Banked,,Downstate - New York
Emerging Midwest,Louisiana State University (MSA),17601, -   , -   , -   , -   , -   , -   , -   ,Confirmed - No Donations,,Louisiana
Emerging Midwest,Louisiana State University Health New Orleans,17602, -   , -   , -   , -   , -   , -   , -   ,Not Banked,,Louisiana
Emerging Midwest,Loyola University Chicago (MSA),17603," 1,975.00 ", -   , -   , -   , -   , -   ," 1,975.00 ",Banked,,Illinois
Downstate - New York,Manhattan Center for Science and Mathematics (MSA),17604, 536.00 , -   , -   , -   , -   , -   , 536.00 ,Banked,,Downstate - New York
Downstate - New York,Manhattan University (MSA),17605, -   , -   , -   , -   , -   , -   , -   ,Banked,,Downstate - New York
Houston - Texas,Manvel High School (MSA),17606, -   , -   , -   , -   , -   , -   , -   ,Confirmed - No Donations,,Houston - Texas
Upstate - New York,Marist University (MSA),17607, -   , -   , -   , -   , -   , -   , -   ,Confirmed - No Donations,,Upstate - New York
Florida,Marjory Stoneman Douglas High School (MSA),17608, 278.00 , -   , -   , -   , -   , -   , 278.00 ,Banked,,Florida
Emerging Midwest,Marshall University (MSA),17609, -   , -   , -   , -   , -   , -   , -   ,Banked,,West Virginia
Downstate - New York,Maruf Community,17610, -   , -   , -   , -   , -   , -   , -   ,Confirmed - No Donations,,Downstate - New York
National,Maryam Ahmad,17611, -   , -   , -   , -   , -   , -   , -   ,Banked,,New York
DMV,Marymount University MSA,17612," 1,221.00 ", -   , -   , -   , -   , -   ," 1,221.00 ",Banked,,Virginia
Emerging Midwest,Maryville University MSA,17613, 242.00 , -   , -   , -   , -   , -   , 242.00 ,Banked,,Missouri
New England,Masjid Aisha X Islamic School of Rhode Island,17614, 121.00 , -   , -   , -   , -   , -   , 121.00 ,Banked,,Rhode Island
New England,Masjid Al Hoda Youth,17615, -   , -   , -   , -   , -   , -   , -   ,Banked,sent through URI because they collabed,Rhode Island
New England,Masjid Al-Kareem,17616, 905.00 , -   , -   , -   , -   , -   , 905.00 ,Banked,,Rhode Island
Houston - Texas,Masjid Ayesha,17617, -   , -   , -   , -   , -   , -   , -   ,Confirmed - No Donations,,Houston - Texas
New England,Massachusetts College of Pharmacy and Health Sciences (MSA),17618, -   , -   , -   , -   , -   , -   , -   ,Banked,,Massachusetts
New England,Massachusetts Institute of Technology (MSA),17619," 7,543.15 ", -   , -   , -   , -   , -   ," 7,543.15 ",Banked,collabed,Massachusetts
Downstate - New York,Matcha Mu’min,17620," 1,256.00 ", -   , -   , -   , -   , -   ," 1,256.00 ",Banked,,Downstate - New York
California,Mathabah Young Pfofessionals of ICYL,17621, -   , -   , -   , -   , -   , -   , -   ,Confirmed - No Donations,,California
Houston - Texas,Mayde Creek High School (MSA),17622, 90.00 , -   , -   , -   , -   , -   , 90.00 ,Banked,,Houston - Texas
Florida,McFatter Technical High School (MSA),17623, -   , -   , -   , -   , -   , -   , -   ,Confirmed - No Donations,,Florida
Houston - Texas,McGovern Muslims in Medicine,17624, -   , 50.00 , -   , -   , -   , -   , 50.00 ,Banked,,Houston - Texas
Emerging Midwest,Meharry Medical College (MSA),17625, -   , -   , -   , -   , -   , -   , -   ,Banked,,Tennessee
Houston - Texas,Memorial High School (MSA),17626, -   , -   , -   , -   , -   , -   , -   ,Confirmed - No Donations,,Houston - Texas
New Jersey,Mercer County Community College (MSA),17627, 100.00 , -   , -   , 650.00 , -   , -   , 750.00 ,Banked,,New Jersey
Emerging Midwest,Mercer University (MSA),17628," 1,702.00 ", -   , -   , -   , -   , -   ," 1,702.00 ",Banked,,Georgia
North Carolina,Meredith College (MSA),17629, -   , -   , -   , -   , -   , -   , -   ,Confirmed - No Donations,,North Carolina
New England,MIC youth program,17630, -   , -   , -   , -   , -   , -   , -   ,Banked,finishing up,Massachusetts
Michigan,Michigan Community Mosque,17631, 330.00 , -   , -   , -   , -   , -   , 330.00 ,Banked,,Michigan
Emerging Midwest,Middle Tennessee State University (MSA),17632," 2,703.00 ", -   , -   , -   , -   , -   ," 2,703.00 ",Banked,,Tennessee
Emerging Midwest,"Midwestern University, Downers Grove (MSA)",17633, 970.00 , -   , -   , -   , -   , -   , 970.00 ,Banked,,Illinois
Downstate - New York,Midwood High School (MSA),17634, 400.00 , -   , -   , -   , -   , -   , 400.00 ,Banked,,Downstate - New York
North Carolina,MIST Carolina,17635, 65.00 , -   , -   , -   , -   , -   , 65.00 ,Banked,,North Carolina
Emerging Midwest,Mix Match Mist,17636, -   , -   , -   , -   , -   , -   , -   ,Confirmed - No Donations,,Georgia
National,Monira Uddin,17637, -   , -   , -   , -   , -   , -   , -   ,Banked,,
Upstate - New York,Monroe Community College (MSA),17638, 589.00 , -   , -   , -   , -   , -   , 589.00 ,Banked,,Upstate - New York
New Jersey,Montclair State University (MSA),17639," 1,944.00 ", -   , -   , -   , -   , -   ," 1,944.00 ",Banked,,New Jersey
Emerging Midwest,Morehouse College (MSA),17640, 241.00 , -   , -   , -   , -   , -   , 241.00 ,Banked,,Georgia
Houston - Texas,Morton Ranch High School (MSA),17641, -   , -   , -   , -   , -   , -   , -   ,Not Banked,,Houston - Texas
New England,Mount Holyoke College (MSA),17642, 795.00 , -   , -   , -   , -   , -   , 795.00 ,Banked,,Massachusetts
California,Mt. San Antonio College (MSA),17643, -   , -   , -   , -   , -   , -   , -   ,Confirmed - No Donations,,California
Downstate - New York,MUNA Center of NY (Ozone Park),17644," 1,570.00 ", -   , -   , -   , -   , -   ," 1,570.00 ",Banked,,Downstate - New York
Downstate - New York,Muppies,17645, 300.00 , -   , -   , -   , -   , -   , 300.00 ,Banked,,Downstate - New York
New Jersey,"Muslim American Society, Central New Jersey",17646, 200.00 , 424.00 , -   , -   , -   , -   , 624.00 ,Banked,,New Jersey
Downstate - New York,"Muslim American Society, Queens",17647," 6,317.00 ", -   , -   , -   , -   , -   ," 6,317.00 ",Banked,,Downstate - New York
Downstate - New York,"Muslim American Society, Sheepshead Bay",17648, -   , -   , -   , -   , -   , -   , -   ,Confirmed - No Donations,,Downstate - New York
Downstate - New York,Muslim Community Network,17649, 756.00 , -   , -   , -   , -   , -   , 756.00 ,Banked,,Downstate - New York
Dallas - Texas,Muslim Residents in Atlas Crown,17650, 85.00 , -   , -   , -   , -   , -   , 85.00 ,Banked,,Dallas - Texas
Emerging Midwest,Muslim Sisterhood Society,17651, 38.00 , -   , -   , -   , -   , -   , 38.00 ,Banked,,Tennessee
Emerging Midwest,Muslim Young Professionals of Nashville,17652, 605.00 , -   , -   , -   , -   , -   , 605.00 ,Banked,,Tennessee
New England,Muslim Youth of Rhode Island,17653," 1,754.20 ", -   , -   , -   , -   , -   ," 1,754.20 ",Banked,,Rhode Island
National,Naurene Sultana,17654, -   , -   , -   , -   , -   , -   , -   ,Banked,,
Upstate - New York,Nazareth University (MESA),17655, 150.00 , -   , -   , -   , -   , -   , 150.00 ,Banked,,Upstate - New York
Upstate - New York,Nazareth University (MSA),17656, -   , -   , -   , -   , -   , -   , -   ,Confirmed - No Donations,,Upstate - New York
New Jersey,New Jersey Institute of Technology (MSA),17657, -   , -   , -   , -   , -   , -   , -   ,Banked,Contributed to the Collab event,New Jersey
Emerging Southwest,New Mexico State University (MSA),17658, 200.00 , -   , -   , -   , -   , -   , 200.00 ,Banked,,New Mexico
Downstate - New York,New York City College of Technology (MSA),17659, 20.00 , -   , -   , -   , -   , -   , 20.00 ,Banked,,Downstate - New York
Downstate - New York,"New York Institute of Technology, NYC (MSA)",17660, 557.00 , -   , -   , -   , -   , -   , 557.00 ,Banked,,Downstate - New York
Downstate - New York,New York Institute of Technology College of Osteopathic Medicine (MSA),17661, 757.00 , -   , -   , -   , -   , -   , 757.00 ,Banked,,Downstate - New York
Downstate - New York,New York University (MSA),17662," 12,673.00 ", -   , -   , -   ," 20,626.00 ", -   ," 33,299.00 ",Banked,,Downstate - New York
Downstate - New York,New York University College of Dentistry (MDA),17663, 700.00 , -   , -   , -   , -   , -   , 700.00 ,Banked,,Downstate - New York
Downstate - New York,North American Bangladeshi Islamic Community,17664, 50.00 , -   , -   , -   , -   , -   , 50.00 ,Banked,,Downstate - New York
North Carolina,North Carolina Central University (MSA),17665, -   , -   , -   , -   , -   , -   , -   ,Confirmed - No Donations,,North Carolina
North Carolina,North Carolina State University (MSA),17666, -   , -   , -   , -   , -   , -   , -   ,Banked,,North Carolina
Emerging Midwest,North Central College (MSA),17667, 91.00 , -   , -   , -   , -   , -   , 91.00 ,Banked,,Illinois
Emerging Midwest,North Dakota State University (MSA),17668, 60.00 , -   , -   , -   , -   , -   , 60.00 ,Banked,,North Dakota
Emerging Midwest,Northeastern Illinois University (MSA),17669, 50.00 , -   , -   , -   , -   , -   , 50.00 ,Confirmed - No Donations,,Illinois
DMV,Northern Virginia Community College Loudon (MSA),17670, -   , -   , -   , -   , -   , -   , -   ,Banked,,Virginia
DMV,"Northern Virginia Community College, Annandale (MSA)",17671," 1,722.00 ", -   , -   , -   , -   , -   ," 1,722.00 ",Banked,,Virginia
DMV,"Northern Virginia Community College, Manassas Campus (MSA)",17672," 1,200.00 ", -   , -   , -   , -   , -   ," 1,200.00 ",Banked,,Virginia
Emerging Midwest,Northwestern University - The Feinberg School of Medicine,17673," 1,241.00 ", -   , -   , -   , -   , -   ," 1,241.00 ",Banked,,Illinois
Florida,Nova High School (MSA),17674, 535.00 , -   , -   , -   , -   , -   , 535.00 ,Banked,,Florida
Florida,Nova Southeastern University (MSA),17675," 2,121.00 ", -   , -   , -   , -   , -   ," 2,121.00 ",Banked,,Florida
Dallas - Texas,Nueces Mosque,17676, -   , -   , -   , -   , -   , -   , -   ,Banked,Sent donations under UT Austin UMR,Dallas - Texas
Downstate - New York,NYU Grossman Long Island School of Medicine,17677, 605.00 , -   , -   , -   , -   , -   , 605.00 ,Banked,,Downstate - New York
Michigan,Oakland University (MSA),17678," 1,252.00 ", -   , -   , -   , -   , -   ," 1,252.00 ",Banked,,Michigan
Houston - Texas,Obra D. Tompkins Highschool (MSA),17679, -   , -   , -   , -   , -   , -   , -   ,Confirmed - No Donations,,Houston - Texas
Houston - Texas,Office of Youth Development at Masjid Al-Salam,17680, -   , -   , -   , -   , -   , -   , -   ,Confirmed - No Donations,,Houston - Texas
Emerging Midwest,Ohio State University (MSA),17681," 1,035.00 ", -   , -   , -   , -   , -   ," 1,035.00 ",Banked,,Ohio
Emerging Southwest,Oklahoma State University (MSA),17682, 520.00 , -   , -   , -   , -   , -   , 520.00 ,Banked,,Oklahoma
New Jersey,Old Bridge High School (MSA),17683, 85.00 , -   , -   , -   , -   , -   , 85.00 ,Banked,,New Jersey
Emerging Midwest,One Ummah Project,17684," 3,346.00 ", -   , -   , -   , -   , -   ," 3,346.00 ",Banked,,Georgia
California,Orange Coast College (MSA),17685, 50.00 , -   , -   , -   , -   , -   , 50.00 ,Not Banked,They will submit check,California
Downstate - New York,Pace University (MSA),17686, -   , -   , -   , -   , -   , -   , -   ,Confirmed - No Donations,,Downstate - New York
Emerging Midwest,Peachtree Ridge High School (MSA),17687, 310.00 , -   , -   , -   , -   , -   , 310.00 ,Banked,,Georgia
Houston - Texas,Pearland High School (MSA),17688, -   , -   , -   , -   , -   , -   , -   ,Confirmed - No Donations,,Houston - Texas
Houston - Texas,Pearland Highschool (MSA),17689, -   , -   , -   , -   , -   , -   , -   ,Confirmed - No Donations,,Houston - Texas
Florida,Pembroke Pines Charter (MSA),17690, -   , -   , -   , -   , -   , -   , -   ,Confirmed - No Donations,,Florida
California,Perris Islamic Center,17691," 4,897.00 ", -   , -   , -   , -   , -   ," 4,897.00 ",Banked,,California
Emerging Midwest,Philadelphia College of Osteopathic Medicine (MSA),17692, -   , 521.00 , -   , -   , -   , -   , 521.00 ,Banked,,Pennsylvania
New Jersey,Pillars Preparatory Academy,17693," 2,025.00 ", -   , -   , -   , -   , -   ," 2,025.00 ",Banked,,New Jersey
Florida,Pompano Beach High School (MSA),17694, -   , -   , -   , -   , -   , -   , -   ,Confirmed - No Donations,,Florida
Houston - Texas,Prairie View A&M University (MSA),17695, -   , -   , -   , -   , -   , -   , -   ,Confirmed - No Donations,,Houston - Texas
New Jersey,Princeton University (MSA),17696," 3,059.00 ", 70.00 , -   , -   , -   , -   ," 3,129.00 ",Banked,,New Jersey
Emerging Midwest,Purdue University (MSA),17697, -   , -   , -   , 499.92 , -   , -   , 499.92 ,Banked,,Indiana
Downstate - New York,Qamaria Yemeni Coffee co.,17698, 814.00 , -   , -   , -   , -   , -   , 814.00 ,Banked,,Downstate - New York
Downstate - New York,Queens College MSA Alumni,17699, 37.00 , -   , -   , -   , -   , -   , 37.00 ,Banked,,Downstate - New York
Downstate - New York,Queens High School for the Sciences at York College (MSA),17700, -   , -   , -   , -   , -   , -   , -   ,Confirmed - No Donations,,Downstate - New York
Upstate - New York,Rensselaer Polytechnic Institute,17701, 648.00 , -   , -   , -   , -   , -   , 648.00 ,Banked,,Upstate - New York
New England,Rhode Island College (MSA),17702, 632.20 , -   , -   , -   , -   , -   , 632.20 ,Banked,combined with RWU,Rhode Island
Emerging Midwest,Rhodes College (MSA),17703, 693.00 , -   , -   , -   , -   , -   , 693.00 ,Banked,,Tennessee
Houston - Texas,Rice University (MSA),17704, 940.00 ," 4,650.35 ", -   , -   , -   , -   ," 5,590.35 ",Banked,,Houston - Texas
Dallas - Texas,Richardson High School (MSA),17705, 100.00 , -   , -   , -   , -   , -   , 100.00 ,Banked,,Dallas - Texas
Dallas - Texas,Richland (MSA),17706, -   , -   , -   , -   , -   , -   , -   ,Confirmed - No Donations,,Dallas - Texas
Houston - Texas,Ridgepoint High School (MSA),17707, -   , -   , -   , -   , -   , -   , -   ,Confirmed - No Donations,,Houston - Texas
Florida,Rimaya Archery,17708, 251.00 , -   , -   , -   , -   , -   , 251.00 ,Banked,,Florida
California,Riverside City College (MSA),17709, 814.00 , -   , -   , -   , -   , -   , 814.00 ,Banked,,California
Downstate - New York,Robert H. Goddard High School of Communication Arts and Technology (MSA),17710, 238.00 , -   , -   , -   , -   , -   , 238.00 ,Not Banked,,Downstate - New York
Upstate - New York,Rochester Institute of Technology (MSA),17711," 12,230.00 ", -   , -   , -   , -   , -   ," 12,230.00 ",Banked,,Upstate - New York
New England,Roger Williams University (MSA),17712," 1,017.20 ", -   , -   , -   , -   , -   ," 1,017.20 ",Banked,combined with RIC,Rhode Island
Emerging Midwest,Rooh Review Tutoring,17713, -   , -   , -   , -   , -   , -   , -   ,Confirmed - No Donations,,Georgia
Emerging Midwest,Rosalind Franklin University (AMMSA),17714, 483.00 , -   , -   , -   , -   , -   , 483.00 ,Banked,,Illinois
New Jersey,Rowan University (MSA),17715, 832.00 , -   , -   , -   , -   , -   , 832.00 ,Banked,,New Jersey
New Jersey,"Rutgers University, Camden (MSA)",17716, 106.00 , -   , -   , -   , -   , -   , 106.00 ,Banked,,New Jersey
New Jersey,"Rutgers University, New Brunswick (MSA)",17717," 12,731.00 ", -   , -   , -   , -   , -   ," 12,731.00 ",Banked,,New Jersey
New Jersey,"Rutgers University, New Jersey Medical School (MSA)",17718, 801.00 , -   , -   , -   , -   , -   , 801.00 ,Banked,,New Jersey
New Jersey,"Rutgers University, Newark (MSA)",17719, 927.00 , -   , -   , -   , -   , -   , 927.00 ,Banked,,New Jersey
Emerging Midwest,Saint Louis University (MSA),17720, 900.00 , -   , -   , -   , -   , -   , 900.00 ,Banked,,Missouri
Emerging Midwest,Saint Louis University School of Medicine AMSA (MSA),17721, -   , -   , -   , -   , -   , -   , -   ,Not Banked,,Missouri
Houston - Texas,Sam Houston State University College of Osteopathic Medicine,17722, -   , 170.00 , -   , -   , -   , -   , 170.00 ,Banked,,Houston - Texas
California,San Diego State University (MSA),17723," 1,202.00 ", -   , -   , -   , -   , -   ," 1,202.00 ",Banked,,California
Emerging Midwest,Sana Muhammad,17724, -   , -   , -   , -   , -   , -   , -   ,Confirmed - No Donations,,Georgia
Downstate - New York,SARKLE,17725, -   , -   , -   , -   , -   , -   , -   ,Confirmed - No Donations,,Downstate - New York
Emerging Midwest,Seckinger High School (MSA),17726, -   , -   , -   , -   , -   , -   , -   ,Confirmed - No Donations,,Georgia
National,Seera Alam,17727, -   , -   , -   , -   , -   , -   , -   ,Banked,,
New Jersey,Seton Hall University (MSA),17728," 2,128.00 ", -   , -   , -   , -   , -   ," 2,128.00 ",Banked,,New Jersey
Houston - Texas,Seven Lakes High School (MSA),17729, -   , -   , -   , -   , -   , -   , -   ,Confirmed - No Donations,,Houston - Texas
Houston - Texas,Shadow Creek High School (MSA),17730, -   , -   , -   , -   , -   , -   , -   ,Not Banked,,Houston - Texas
Upstate - New York,Siena University (MSA),17731, 100.00 , 203.00 , -   , -   , -   , 230.00 , 533.00 ,Banked,,Upstate - New York
New England,Simmons University (Islamic Society),17732," 1,204.15 ", 270.70 , -   , -   , -   , 129.00 ," 1,603.85 ",Banked,,Massachusetts
Upstate - New York,Skidmore College (MSA),17733, 508.00 , -   , -   , -   , -   , -   , 508.00 ,Banked,,Upstate - New York
New England,Smith College (MSA),17734, -   , 351.00 , -   , -   , -   , -   , 351.00 ,Banked,,Massachusetts
Downstate - New York,Soil and Soul,17735, -   , -   , -   , -   , -   , -   , -   ,Confirmed - No Donations,,Downstate - New York
New England,Southern Connecticut State University (MSA),17736, -   , -   , -   , -   , -   , -   , -   ,Not Banked,have not replied,Connecticut
Emerging Midwest,Southern Illinois University School of Medicine (AMMSA),17737, 5.00 , -   , -   , -   , -   , -   , 5.00 ,Banked,,Illinois
Dallas - Texas,Southern Methodist University (MSA),17738," 1,603.00 ", -   , -   , -   , -   , -   ," 1,603.00 ",Banked,,Dallas - Texas
Downstate - New York,St. Francis College (MESA),17739, -   , -   , -   , -   , -   , -   , -   ,Banked,,Downstate - New York
Upstate - New York,St. John Fisher University (MSA),17740, 365.00 , -   , -   , -   , -   , -   , 365.00 ,Banked,,Upstate - New York
Downstate - New York,St. John's University (MSA),17741," 11,698.00 ", -   , -   , -   , -   , -   ," 11,698.00 ",Banked,,Downstate - New York
California,Stanford University (MSU),17742," 10,165.00 ", -   , -   , -   , -   , -   ," 10,165.00 ",Banked,,California
Dallas - Texas,Stephen F. Austin (MSA),17743, -   , -   , -   , -   , -   , -   , -   ,Confirmed - No Donations,,Dallas - Texas
New Jersey,Stevens Institute of Technology (MSA),17744," 1,642.00 ", -   , -   , -   , -   , -   ," 1,642.00 ",Banked,,New Jersey
Emerging Midwest,Stritch School of Medicine (MSA),17745, 534.00 , 55.00 , -   , -   , -   , -   , 589.00 ,Banked,,Illinois
Downstate - New York,Stuyvesant High School (MSA),17746, 524.00 , -   , -   , -   , -   , -   , 524.00 ,Banked,,Downstate - New York
Downstate - New York,Sudanese Youth Network,17747, -   , -   , -   , -   , -   , -   , -   ,Confirmed - No Donations,,Downstate - New York
New England,Suffolk University (MSA),17748, -   , -   , -   , -   , -   , -   , -   ,Confirmed - No Donations,,Massachusetts
Downstate - New York,"SUNY, College of Optometry (MSA)",17749," 1,387.00 ", -   , -   , -   , -   , -   ," 1,387.00 ",Banked,,Downstate - New York
Downstate - New York,"SUNY, Downstate Health Sciences University (MSA)",17750," 1,365.00 ", -   , -   , -   , -   , -   ," 1,365.00 ",Banked,,Downstate - New York
Upstate - New York,"SUNY, Geneseo (MSA)",17751," 2,505.00 ", -   , -   , -   , -   , -   ," 2,505.00 ",Banked,,Upstate - New York
Downstate - New York,Synergy Hoops,17752, 595.00 , -   , -   , -   ," 17,458.64 ", -   ," 18,053.64 ",Banked,,Downstate - New York
Upstate - New York,Syracuse University (MSA),17753," 1,111.00 ", -   , -   , -   , -   , -   ," 1,111.00 ",Banked,,Upstate - New York
Downstate - New York,Taraweeh Chat,17754," 3,405.00 ", -   , -   , -   ," 30,500.00 ", -   ," 33,905.00 ",Banked,,Downstate - New York
New England,Taste of Lebanon,17755," 2,220.00 ", -   , -   , -   , -   , -   ," 2,220.00 ",Banked,,Massachusetts
Downstate - New York,Teachers College (MSA),17756, 50.00 , -   , -   , -   , -   , -   , 50.00 ,Banked,,Downstate - New York
New Jersey,Teaneck high school (MSA),17757," 1,801.00 ", -   , -   , -   , -   , -   ," 1,801.00 ",Banked,,New Jersey
Emerging Midwest,Temple University (MSA),17758, -   , 428.31 , -   , -   , -   , -   , 428.31 ,Banked,,Pennsylvania
Houston - Texas,Texas A&M University (MSA),17759," 26,572.00 ", -   , -   , -   , -   , -   ," 26,572.00 ",Banked,,Houston - Texas
Dallas - Texas,Texas Christian University (MSA),17760, 626.00 , -   , -   , -   , -   , -   , 626.00 ,Banked,,Dallas - Texas
Houston - Texas,Texas State University (MSA),17761, 65.00 , -   , -   , -   , -   , -   , 65.00 ,Banked,,Houston - Texas
Houston - Texas,Texas Tech University (MSA),17762, -   , 420.76 , -   , -   , -   , -   , 420.76 ,Banked,,Houston - Texas
Dallas - Texas,"Texas Woman's University, Denton (MSA)",17763, -   , -   , -   , -   , -   , -   , -   ,Confirmed - No Donations,,Dallas - Texas
Downstate - New York,The Bronx High School Of Science 10X445 (MSA),17764, 210.00 , -   , -   , -   , -   , -   , 210.00 ,Banked,,Downstate - New York
New Jersey,The College of New Jersey (MSA),17765, 549.00 , -   , -   , -   , -   , -   , 549.00 ,Banked,,New Jersey
Emerging Midwest,The Pennsylvania State University (MSA),17766," 1,135.00 ", -   , -   , -   , -   , -   ," 1,135.00 ",Banked,,Pennsylvania
Downstate - New York,The Soul Cup,17767, -   , -   , -   , -   , -   , -   , -   ,Confirmed - No Donations,,Downstate - New York
Emerging Midwest,The University of Alabama at Birmingham (MSA),17768, 928.00 , -   , -   , -   , -   , -   , 928.00 ,Banked,,Alabama
Houston - Texas,The Woodlands College Park High School (MSA),17769, -   , -   , -   , -   , -   , -   , -   ,Not Banked,,Houston - Texas
Downstate - New York,Thomas A. Edison CTE Highschool MSA (Bayt-Al Edison),17770, 900.00 , -   , -   , -   , -   , -   , 900.00 ,Banked,,Downstate - New York
Emerging Midwest,Thomas F. Frist Jr. College of Medicine AMMSA at Belmont University,17771, -   , -   , -   , -   , -   , -   , -   ,Confirmed - No Donations,,Tennessee
DMV,Thomas Jefferson High School for Science and Technology (MSA),17772, 15.00 , 150.00 , -   , -   , -   , -   , 165.00 ,Banked,,Virginia
Emerging Midwest,Thomas Jefferson University (MSA),17773, 210.00 , -   , -   , -   , -   , -   , 210.00 ,Banked,,Pennsylvania
Downstate - New York,Townsend Harris High School (MSA),17774," 1,055.00 ", -   , -   , -   , -   , -   ," 1,055.00 ",Banked,,Downstate - New York
Houston - Texas,Travis High School (MSA),17775, -   , -   , -   , -   , -   , -   , -   ,Confirmed - No Donations,,Houston - Texas
North Carolina,Triangle Math and Science Academy (MSA),17776, 39.00 , -   , -   , -   , -   , -   , 39.00 ,Banked,,North Carolina
Emerging Midwest,Truman State University (MSA),17777, -   , -   , -   , -   , -   , -   , -   ,Confirmed - No Donations,,Missouri
New England,Tufts School of Dental Medicine (MSA),17778, 315.00 , -   , -   , -   , -   , -   , 315.00 ,Banked,,Massachusetts
Emerging Midwest,Tulane University (MSA),17779, 526.00 , -   , -   , -   , -   , -   , 526.00 ,Banked,,Louisiana
Downstate - New York,TYWLS Tahmina (MSA),17780, 513.00 , -   , -   , -   , -   , -   , 513.00 ,Banked,,Downstate - New York
Upstate - New York,Union College (MSA),17781, 100.00 , -   , -   , -   , -   , -   , 100.00 ,Banked,,Upstate - New York
Emerging Midwest,Universal Martial Science Fitness,17782, -   , -   , -   , -   , -   , -   , -   ,Confirmed - No Donations,,Georgia
Emerging Midwest,University of Alabama in Huntsville (MSA),17783," 1,261.00 ", -   , -   , -   , -   , -   ," 1,261.00 ",Banked,,Alabama
Upstate - New York,University of Albany (MSA),17784," 1,343.00 ", -   , -   , -   , -   , -   ," 1,343.00 ",Banked,,Upstate - New York
Emerging Southwest,"University of Arkansas, Fayetteville (MSA)",17787, -   , -   ," 2,940.08 ", -   , -   , -   ," 2,940.08 ",Banked,,Arkansas
California,"University of California, Berkeley (MSA)",17788," 17,000.00 ", -   , -   , -   ," 4,000.00 ", -   ," 21,000.00 ",Banked,,California
California,"University of California, Davis (MSA)",17789," 1,456.00 ", -   , -   , -   , -   , -   ," 1,456.00 ",Banked,,California
California,"University of California, Irvine (MSU)",17790," 2,477.00 ", -   , -   , -   , -   , -   ," 2,477.00 ",Banked,,California
California,"University of California, Los Angeles (MSA)",17791, 642.00 , -   , -   , -   , -   , -   , 642.00 ,Banked,,California
California,"University of California, Riverside (MSA)",17792, 959.00 , -   , -   , -   , -   , -   , 959.00 ,Banked,,California
California,"University of California, San Diego (MSA)",17793," 10,821.00 ", -   , -   , -   , -   , -   ," 10,821.00 ",Banked,,California
California,"University of California, San Francisco (MSA)",17794," 2,384.00 ", -   , -   , -   , -   , -   ," 2,384.00 ",Banked,,California
California,"University of California, Santa Barbara (MSA)",17795, 450.00 , 513.00 , -   , -   , -   , -   , 963.00 ,Banked,,California
California,"University of California, Santa Cruz (MSA)",17796," 3,130.00 ", -   , -   , -   , -   , -   ," 3,130.00 ",Banked,,California
Florida,South Florida Banquet,17797," 22,934.00 ", -   , -   , -   , -   , -   ," 22,934.00 ",Banked,,Florida
Emerging Southwest,University of Central Oklahoma (MSA),17798, 235.00 , -   , -   , -   , -   , -   , 235.00 ,Banked,,Oklahoma
Emerging Midwest,University of Cincinnati (MSA),17799, 578.00 , -   , -   , -   , -   , -   , 578.00 ,Banked,,Ohio
Emerging Southwest,"University of Colorado, Boulder (MSA)",17800, 926.00 , -   , -   , -   , -   , -   , 926.00 ,Banked,,Colorado
New England,"University of Connecticut, Hartford (MSA)",17801," 2,430.50 ", -   , -   , -   , -   , -   ," 2,430.50 ",Banked,,Connecticut
New England,"University of Connecticut, Stamford (MSA)",17802, -   , -   , -   , -   , -   , -   , -   ,Confirmed - No Donations,,Connecticut
New England,"University of Connecticut, Storrs (MSA)",17803," 2,529.50 ", -   , -   , -   , -   , -   ," 2,529.50 ",Banked,,Connecticut
Emerging Midwest,University of Dayton (MSA),17804, 373.00 , -   , -   , -   , -   , -   , 373.00 ,Banked,,Ohio
DMV,University of Delaware (MSA),17805," 7,317.00 ", -   , -   , -   , -   , -   ," 7,317.00 ",Banked,,Delaware
Emerging Midwest,University of Georgia (PSA),17806," 1,268.00 ", -   , -   , -   , -   , -   ," 1,268.00 ",Banked,,Georgia
Emerging Midwest,University of Holy Cross (MSA),17807, -   , -   , -   , -   , -   , -   , -   ,Confirmed - No Donations,,Louisiana
Emerging Midwest,University of Holy Cross,17808, -   , -   , -   , -   , -   , -   , -   ,Confirmed - No Donations,,Louisiana
Houston - Texas,University of Houston (MSA),17809," 14,109.00 ", -   , -   , -   , -   , -   ," 14,109.00 ",Banked,,Houston - Texas
Houston - Texas,"University of Houston, Clear Lake (MSA)",17810, 300.00 , -   , -   , -   , -   , -   , 300.00 ,Banked,,Houston - Texas
Emerging Midwest,University of Illinois Chicago College of Medicine (MMSA),17811, 30.00 , -   , -   , -   , -   , -   , 30.00 ,Banked,,Illinois
Emerging Midwest,University of Illinois Urbana-Champaign (MSA),17812, -   , 735.00 , -   , -   , -   , -   , 735.00 ,Banked,,Illinois
Emerging Midwest,University of Kansas (MSA),17813," 1,173.00 ", 812.00 , -   , -   , -   , -   ," 1,985.00 ",Banked,,Kansas City
Emerging Midwest,University of Kentucky (MSA),17814, -   , -   , -   , -   , -   , -   , -   ,Banked,,Kentucky
Emerging Midwest,University of Louisville (MSA),17815, 430.00 , -   , -   , -   , -   , -   , 430.00 ,Banked,,Kentucky
DMV,University of Maryland College Park (MSA),17816, 627.00 , -   , -   , -   , -   , -   , 627.00 ,Banked,,Maryland
New England,"University of Massachusetts, Amherst (MSA)",17817," 3,077.00 ", -   , -   , -   , -   , -   ," 3,077.00 ",Banked,,Massachusetts
New England,"University of Massachusetts, Boston (MSA)",17818," 1,828.15 ", -   , -   , -   , -   , -   ," 1,828.15 ",Banked,,Massachusetts
New England,"University of Massachusetts, Lowell (MSA)",17819," 7,280.15 ", -   , -   , -   , -   , -   ," 7,280.15 ",Banked,,Massachusetts
Florida,University of Miami (MSA),17820," 2,886.00 ", -   , -   , -   , -   , -   ," 2,886.00 ",Banked,,Florida
Emerging Midwest,"University of Missouri, Kansas City (AMMSA)",17821, 125.00 , -   , -   , -   , -   , -   , 125.00 ,Banked,,Kansas City
Emerging Midwest,"University of Missouri, Kansas City (MSA)",17822," 2,000.00 ", 120.00 , -   , -   , -   , -   ," 2,120.00 ",Banked,,Kansas City
Emerging Midwest,Al-Madinah Cultural Center (AMCC),17823, -   , 171.00 , -   , -   , -   , -   , 171.00 ,Banked,,Minnesota
Emerging Midwest,University of Minnesota Twin Cities (MSA),17824," 1,098.00 ", -   , -   , -   , -   , -   ," 1,098.00 ",Banked,,Minnesota
Emerging Midwest,University of Missouri- Saint Louis (MSA),17825, 250.00 , -   , -   , -   , -   , -   , 250.00 ,Banked,,Missouri
Emerging Midwest,"University of Missouri, Columbia (AMMSA)",17826, -   , -   , -   , -   , -   , -   , -   ,Banked,,Missouri
Emerging Midwest,"University of Missouri, Columbia (MSA)",17827, 20.00 , 400.71 , -   , -   , -   , -   , 420.71 ,Banked,,Missouri
Emerging Southwest,"University of Nevada, Las Vegas (MSA)",17828," 1,600.00 ", -   , -   , -   , -   , -   ," 1,600.00 ",Banked,,Nevada
Emerging Southwest,"University of Nevada, Reno (MSA)",17829, 356.00 , -   , -   , -   , -   , -   , 356.00 ,Banked,,Nevada
New England,University of New England (MSA),17830," 1,213.00 ", -   , -   , -   , -   , -   ," 1,213.00 ",Banked,,Maine
New England,University of New Haven (MSA),17831, 29.00 , -   , -   , -   , -   , -   , 29.00 ,Banked,,Connecticut
Emerging Southwest,University of New Mexico (MSA & DUNYA),17832, -   , -   , -   , -   , -   , -   , -   ,Banked,,New Mexico
Emerging Southwest,"University of New Mexico, University (MSA)",17833," 8,425.00 ", -   , -   , -   , -   , -   ," 8,425.00 ",Banked,,New Mexico
Emerging Midwest,University of New Orleans (MSA),17834, 516.00 , -   , -   , -   , -   , -   , 516.00 ,Banked,,Louisiana
North Carolina,University of North Carolina (SNS),17835, -   , 133.00 , -   , -   , -   , -   , 133.00 ,Banked,This should say SNS (shelter and support) not MSA,North Carolina
North Carolina,University of North Carolina at Charlotte (MSA),17836," 2,253.00 ", -   , -   , -   , -   , -   ," 2,253.00 ",Banked,,North Carolina
North Carolina,University of North Carolina at Charlotte (UMR),17839," 1,579.00 ", -   , -   , -   , -   , -   ," 1,579.00 ",Banked,,North Carolina
North Carolina,University of North Carolina at Greensboro (MSA),17840, -   , -   , -   , -   , -   , -   , -   ,Confirmed - No Donations,,North Carolina
North Carolina,"University of North Carolina, Chapel Hill (MSA)",17841," 1,238.00 ", -   , -   , -   , -   , -   ," 1,238.00 ",Banked,,North Carolina
North Carolina,"University of North Carolina, Chapel Hill (Pakistan Society)",17842, 567.00 , -   , -   , -   , -   , -   , 567.00 ,Banked,,North Carolina
Emerging Midwest,University of North Dakota (MSA),17843," 1,555.00 ", -   , -   , -   , -   , -   ," 1,555.00 ",Banked,,North Dakota
Dallas - Texas,University of North Texas (MSA),17844, 627.00 , -   , -   , -   , -   , -   , 627.00 ,Banked,,Dallas - Texas
Emerging Southwest,University of Oklahoma (MSA),17845," 1,245.00 ", -   , 55.00 , -   , -   , -   ," 1,300.00 ",Banked,,Oklahoma
Emerging Midwest,University of Pennsylvania (MSA),17846, -   , 399.00 , -   , -   , -   , -   , 399.00 ,Banked,,Pennsylvania
New England,University of Pittsburgh (MSA),17847, -   , -   , -   , -   , -   , -   , -   ,Confirmed - No Donations,was supposed to be Masjid Al Rahman,#N/A
New England,University of Rhode Island (MSA),17848," 1,277.20 ", -   , -   , 316.00 , -   , -   ," 1,593.20 ",Banked,,Rhode Island
Upstate - New York,University of Rochester (MSA),17849, 444.00 , 110.00 , -   , -   , -   , -   , 554.00 ,Banked,,Upstate - New York
Emerging Midwest,University of South Alabama (MSA),17850," 1,258.00 ", -   , -   , -   , -   , -   ," 1,258.00 ",Banked,,Alabama
Florida,University of South Flordia (MEA),17851, -   , -   , -   , -   , -   , -   , -   ,Confirmed - No Donations,,Florida
Florida,University of South Florida (MSA),17852," 3,791.00 ", -   , -   , -   , -   , -   ," 3,791.00 ",Banked,,Florida
California,University of Southern California (MSU),17853, 387.00 , -   , -   , -   , -   , -   , 387.00 ,Banked,,California
Emerging Midwest,University of Tennessee Health Science Center (AMMSA),17854, -   , -   , -   , -   , -   , -   , -   ,Confirmed - No Donations,,Tennessee
Dallas - Texas,University of Texas Arlington (MSA),17855, 550.00 , -   , -   , -   , -   , -   , 550.00 ,Banked,Collaborated with Amanah,Dallas - Texas
Houston - Texas,University of Texas Medical Branch,17856, -   , -   , -   , -   , -   , -   , -   ,Confirmed - No Donations,,Houston - Texas
Dallas - Texas,"University of Texas, Austin (BMA)",17857, -   , -   , -   , -   , -   , -   , -   ,Banked,,Dallas - Texas
Dallas - Texas,"University of Texas, Austin (MPS)",17858, -   , -   , -   , -   , -   , -   , -   ,Banked,Sent donations under UT Austin UMR,Dallas - Texas
Dallas - Texas,"University of Texas, Austin (MSA)",17859, 218.00 , -   , -   , -   , -   , -   , 218.00 ,Banked,,Dallas - Texas
Dallas - Texas,"University of Texas, Austin (PSA)",17860, 110.00 , -   , -   , -   , -   , -   , 110.00 ,Banked,,Dallas - Texas
Dallas - Texas,"University of Texas, Austin (UMR)",17861, -   , -   , -   , -   , -   , -   , -   ,Banked,,Dallas - Texas
Dallas - Texas,"University of Texas, Dallas (Islamic Relief)",17862," 27,814.00 ", -   , -   , -   ," 1,650.00 ", -   ," 29,464.00 ",Banked,,Dallas - Texas
Dallas - Texas,"University of Texas, Tyler (MSA)",17863," 1,000.00 ", 162.00 , -   , -   , -   , -   ," 1,162.00 ",Banked,,Dallas - Texas
Emerging Midwest,University of Toledo (MSA),17864, 280.00 , -   , -   , -   , -   , -   , 280.00 ,Banked,,Ohio
DMV,University of Virginia (MSA),17865, 582.00 , -   , -   , -   , -   , -   , 582.00 ,Banked,,Virginia
Emerging Midwest,"University of Wisconsin, Madison (MSA)",17866," 1,159.00 "," 1,000.00 ", -   , -   , -   , -   ," 2,159.00 ",Banked,,Wisconsin
Emerging Midwest,"University of Wisconsin, Milwaukee (MSA)",17867," 34,001.00 ", -   , -   , -   , -   , -   ," 34,001.00 ",Banked,,Wisconsin
Downstate - New York,Urban Assembly School for Leadership and Empowerment (MSA),17868, -   , -   , -   , -   , -   , -   , -   ,Confirmed - No Donations,,Downstate - New York
Downstate - New York,Valley Stream Central High School (MSA),17869, 500.00 , -   , -   , -   , -   , -   , 500.00 ,Banked,,Downstate - New York
Downstate - New York,Valley Stream North (MSA),17870, 110.00 , -   , -   , 288.00 , -   , -   , 398.00 ,Banked,,Downstate - New York
Downstate - New York,Valley Stream South High School (MSA),17871, -   , -   , -   , -   , -   , -   , -   ,Confirmed - No Donations,,Downstate - New York
Emerging Midwest,Vanderbilt University (MSA),17872," 7,641.00 ", -   , -   , -   , -   , -   ," 7,641.00 ",Confirmed - No Donations,,Tennessee
Emerging Midwest,Vanderbilt University School of Medicine (AMMSA),17873, -   , -   , -   , -   , -   , -   , -   ,Banked,,Tennessee
DMV,Virginia Commonwealth University (MSA),17874, 2.00 ," 3,698.90 ", -   , -   , -   , -   ," 3,700.90 ",Banked,,Virginia
Downstate - New York,Wagner College (MSA),17875, 894.00 , -   , -   , -   , -   , -   , 894.00 ,Banked,,Downstate - New York
Emerging Southwest,Washington State University (MSA),17876, 250.00 , -   , -   , -   , -   , -   , 250.00 ,Banked,,Washington
Michigan,Wayne State University (MSA),17877," 2,700.00 ", -   , -   , -   , -   , -   ," 2,700.00 ",Banked,,Michigan
New England,Wellesley College (MSA),17878," 2,360.15 ", 610.00 , -   , -   , -   , 207.00 ," 3,177.15 ",Banked,2254.5,Massachusetts
New England,Wentworth Institute of Technology (MSA),17879," 1,303.15 ", -   , -   , -   , -   , -   ," 1,303.15 ",Banked,,Massachusetts
Emerging Midwest,West Chester University of Pennsylvania (MSA),17880," 1,009.00 ", -   , -   , -   , -   , -   ," 1,009.00 ",Banked,,Pennsylvania
Houston - Texas,West High School (MSA),17881, -   , -   , -   , -   , -   , -   , -   ,Confirmed - No Donations,,Houston - Texas
California,West Ranch High School (MSA),17882, 300.00 , -   , -   , -   , -   , -   , 300.00 ,Banked,,California
Emerging Midwest,West Virginia University (MSA),17883, 263.00 , -   , -   , -   , -   , -   , 263.00 ,Banked,,West Virginia
New England,Western Connecticut State University (MSA),17884, 792.50 , -   , -   , -   , -   , -   , 792.50 ,Banked,,Connecticut
Emerging Midwest,Western Kentucky University (MSA),17885, -   , -   , -   , -   , -   , -   , -   ,Confirmed - No Donations,,Kentucky
Michigan,Western Michigan University (MSA),17886," 1,023.00 ", -   , -   , -   , -   , 84.00 ," 1,107.00 ",Banked,,Michigan
DMV,William and Mary (MSA),17887," 1,650.00 ", -   , -   , -   , -   , -   ," 1,650.00 ",Banked,,Virginia
Houston - Texas,William P. Clements MSA,17888, -   , -   , -   , -   , -   , -   , -   ,Confirmed - No Donations,,Houston - Texas
New England,Worcester Polytechnic Institute (MSA),17889," 1,425.15 ", -   , -   , -   , -   , -   ," 1,425.15 ",Banked,,Massachusetts
Dallas - Texas,Wylie High School (MSA),17890, 100.00 , -   , -   , -   , -   , -   , 100.00 ,Banked,,Dallas - Texas
Emerging Midwest,Xavier University of New Orleans,17891, -   , -   , -   , -   , -   , -   , -   ,Banked,,Louisiana
Upstate - New York,Ya Hala Halal,17892, -   , -   , -   , -   , -   , -   , -   ,Confirmed - No Donations,,Upstate - New York
New England,Yale University (MSA),17893," 1,387.50 ", -   , -   , -   , -   , -   ," 1,387.50 ",Banked,,Connecticut
Upstate - New York,"Young Muslims, Albany (Brothers)",17894, -   , -   , -   , -   , -   , -   , -   ,Confirmed - No Donations,,Upstate - New York
New Jersey,"Young Muslims, East Brunswick (Sisters)",17895," 1,271.00 ", -   , -   , -   , -   , -   ," 1,271.00 ",Banked,,New Jersey
New Jersey,"Young Muslims, Edison (Sisters)",17896, -   , -   , -   , -   , -   , -   , -   ,Confirmed - No Donations,,New Jersey
Florida,"Young Muslims, Florida (Brothers)",17897, -   , -   , -   , -   , -   , -   , -   ,Confirmed - No Donations,,Florida
Florida,"Young Muslims, Jacksonville",17898, -   , -   , -   , -   , -   , -   , -   ,Confirmed - No Donations,,Florida
New Jersey,"Young Muslims, Jersey City (Brothers)",17899, -   , -   , -   , -   , -   , -   , -   ,Banked,No amount in LG but contributed to the Hoops 4 Hope event,New Jersey
New Jersey,"Young Muslims, Jersey City (Sisters)",17900, -   , -   , -   , -   , -   , -   , -   ,Confirmed - No Donations,,New Jersey
New Jersey,"Young Muslims, North Morris County",17901, -   , -   , -   , -   , -   , -   , -   ,Banked,No amount in LG but contributed to the Hoops 4 Hope event,New Jersey
Florida,"Young Muslims, Pembroke Pines (Brothers)",17902, -   , -   , -   , -   , -   , -   , -   ,Confirmed - No Donations,,Florida
Emerging Midwest,"Young Muslims, Pennsylvania (Brothers)",17903, -   , 310.00 , -   , -   , -   , -   , 310.00 ,Banked,,Pennsylvania
New Jersey,"Young Muslims, Pompano (Sisters)",17904, -   , -   , -   , -   , -   , -   , -   ,Confirmed - No Donations,,New Jersey
Florida,"Young Muslims, Pompano Beach (Brothers)",17905, -   , -   , -   , -   , -   , -   , -   ,Confirmed - No Donations,,Florida
Dallas - Texas,"Young Muslims, Richardson (Brothers)",17906, -   , -   , -   , -   , -   , -   , -   ,Confirmed - No Donations,,Dallas - Texas
New Jersey,"Young Muslims, Sayreville (Sisters)",17907, 350.00 , -   , -   , -   , -   , -   , 350.00 ,Banked,,New Jersey
New England,"Young Muslims, Sharon (Brothers)",17908, 15.00 , -   , -   , -   , -   , -   , 15.00 ,Banked,raised money with MYRI,Massachusetts
Florida,"Young Muslims, South Florida (Sisters)",17909, -   , -   , -   , -   , -   , -   , -   ,Confirmed - No Donations,,Florida
Emerging Midwest,"Young Muslims, Suwanee (Brothers)",17910, 311.00 , -   , -   , -   , -   , -   , 311.00 ,Banked,,Georgia
New Jersey,"Young Muslims, Teaneck (Brothers)",17911," 1,250.00 ", -   , -   , -   , -   , -   ," 1,250.00 ",Banked,"Renamed LG to ""Hoops 4 Hope"", YM Jersery City (Brothers) and Morris County Brothers contributed to amount did not collect on individual pages, for annual dinner can collect this amount as total for all 3 and have them as YM North Jersey Brothers",New Jersey
New Jersey,"Young Muslims, Teaneck (Sisters)",17912, -   , -   , -   , -   , -   , -   , -   ,Confirmed - No Donations,,New Jersey
Dallas - Texas,"Young Muslims, Valley Ranch (Sisters)",17913, -   , -   , -   , -   , -   , -   , -   ,Confirmed - No Donations,,Dallas - Texas
New England,"Young Muslims, Worcester (Brothers)",17914, 50.00 , -   , -   , -   , -   , -   , 50.00 ,Banked,might have not done anything,Massachusetts
Emerging Midwest,901 Ummah,18230, -   , -   , -   , -   , -   , -   , -   ,Banked,,Tennessee
New Jersey,Academy of Greatness and Excellence,18231, -   , -   ," 1,363.57 ", -   , -   , -   ," 1,363.57 ",Banked,,New Jersey
Dallas - Texas,Austin Community College (MSA),18232, 918.00 , -   , -   , -   , -   , -   , 918.00 ,Banked,,Dallas - Texas
National,Bassem Warsi,18233, -   , -   , -   , -   , -   , -   , -   ,Banked,,
Downstate - New York,Borough of Manhattan Community College,18234, -   , -   , -   , -   , -   , -   , -   ,Confirmed - No Donations,,Downstate - New York
National,Brandon Grace,18235, -   , -   , -   , -   , -   , -   , -   ,Banked,,
Michigan,Central Michigan University (MSA),18236, 277.00 , -   , 300.00 , -   , -   , -   , 577.00 ,Banked,,Michigan
North Carolina,Clemson University (MSA),18237," 3,012.00 ", -   , -   , -   , -   , -   ," 3,012.00 ",Banked,,South Carolina
California,De Anza College (MSA),18238, 114.00 , -   , -   , -   , -   , -   , 114.00 ,Banked,,California
North Carolina,East Carolina University (MSA),18239, 500.00 , -   , -   , -   , -   , -   , 500.00 ,Banked,,North Carolina
Emerging Midwest,"Exquisites Group, LLC",18240, -   , -   , -   , -   , -   , -   , -   ,Banked,,Georgia
Downstate - New York,Hillside Islamic Center,18241, 757.00 , -   , -   , -   , -   , -   , 757.00 ,Banked,,Downstate - New York
California,Ihsan,18242, -   , -   , -   , -   , -   ," 2,000.00 "," 2,000.00 ",Not Banked,Will directly transfer to IR,California
Downstate - New York,Islamic School of Staten Island,18243," 2,614.00 ", -   , -   , -   , -   , -   ," 2,614.00 ",Banked,,Downstate - New York
North Carolina,Jamaat Ibad Ar-Rahman,18244, 429.00 , -   , -   , -   , -   , -   , 429.00 ,Banked,,North Carolina
New Jersey,JMIC Sunday School 7th and 8th Grade Students,18245," 3,400.00 ", -   ," 4,951.74 ", -   , -   , -   ," 8,351.74 ",Banked,Funds are in GoFundMe and taking time to transfer once transferred will write a check to IR,New Jersey
National,Joud Sharaf,18246, -   , -   , -   , -   , -   , -   , -   ,Banked,,
California,LMC Sunday School,18247," 1,842.00 ", -   , -   , -   ," 1,460.00 ", -   ," 3,302.00 ",Banked,,California
New England,Masjid Al-Islam,18248, 824.00 , -   , -   , -   , -   , -   , 824.00 ,Banked,,Rhode Island
Emerging Midwest,Matcha Garden,18249, -   , -   , -   , -   , -   , -   , -   ,Banked,,Georgia
New Jersey,Middlesex College (MSA),18250, 25.00 , -   , -   , -   , -   , -   , 25.00 ,Banked,,New Jersey
New Jersey,Rutgers Newark and New Jersey Institute of Technology Collab,18251," 6,867.00 ", -   , -   , -   , -   , -   ," 6,867.00 ",Banked,,New Jersey
Downstate - New York,Stony Brook University (MSA),18252," 29,033.00 ", -   , -   , -   , -   , -   ," 29,033.00 ",Banked,,Downstate - New York
DMV,The Muhsineen,18253, 185.00 , -   , -   , -   , -   , -   , 185.00 ,Banked,,Virginia
Michigan,University of Michigan (MSA),18254, 670.00 , -   , -   , -   , -   , -   , 670.00 ,Banked,,Michigan
Michigan,"University of Michigan, Medical School",18255, 305.00 , -   , -   , -   , -   , -   , 305.00 ,Banked,,Michigan
Dallas - Texas,University of Texas Arlington (Amanah Association),18256, -   , -   , -   , -   , -   , -   , -   ,Banked,"Sent donations under UT Arlington MSA i think, they said they collaborated",Dallas - Texas
Dallas - Texas,University of Texas Arlington (SSA),18257, -   , -   , -   , -   , -   , -   , -   ,Banked,,Dallas - Texas
North Carolina,Willow Spring High School (MSA),18258, 8.00 , -   , -   , -   , -   , 137.30 , 145.30 ,Banked,Also had some donations in LG,North Carolina
California,"Young Muslims, Berkeley",18259, 30.00 , -   , -   , -   , -   , -   , 30.00 ,Banked,,California
New Jersey,"Young Muslims, Morris County (Sisters)",18260, -   , -   , -   , -   , -   , -   , -   ,Confirmed - No Donations,,New Jersey
Downstate - New York,"New York Institute of Technology, Long Island (MSA)",18275, -   , -   , -   , -   , -   , -   , -   ,Banked,,Downstate - New York
New England,"Masjid Al-Rahman, Pawtucket RI",18276," 1,637.00 ", -   , -   , -   ," 7,782.66 ", -   ," 9,419.66 ",Banked,,Rhode Island
National,Kanza Choudhry,18277, -   , -   , -   , -   , -   , -   , -   ,Banked,,
Emerging Midwest,An-Noor Fashion,18278, -   , -   , -   , -   , -   , -   , -   ,Banked,,Georgia
Florida,University of South Florida (TMC),18279, -   , -   , -   , -   , -   , -   , -   ,Confirmed - No Donations,,Florida
North Carolina,"University of North Carolina, Chapel Hill (ASO)",18280, -   , -   , -   , -   , -   , -   , -   ,Confirmed - No Donations,,North Carolina
California,"California State Polytechnic University, San Luis Obispo (MSA)",18281," 2,600.00 ", -   , -   , -   , -   , -   ," 2,600.00 ",Banked,,California
California,Muslim Youth of San Diego,18282," 2,318.00 ", -   , -   , -   , -   , -   ," 2,318.00 ",Banked,,California
New England,Tufts University (MSA),18283, 923.15 ," 1,065.00 ", -   , -   , -   , -   ," 1,988.15 ",Banked,,Massachusetts
New England,Malden Islamic Center Youth - Girls,18284," 1,419.00 ", -   , -   , -   , -   , -   ," 1,419.00 ",Banked,finishing up,Massachusetts
National,Sara Ghauri,18285, -   , -   , -   , -   , -   , -   , -   ,Banked,,
North Carolina,High Point University (MSA),18286, -   , -   , -   , -   , -   , -   , -   ,Confirmed - No Donations,,North Carolina
New England,Central Connecticut State University (MSA),18287," 1,214.00 ", -   , -   , -   , -   , -   ," 1,214.00 ",Banked,check with aya modni (8607973598),Connecticut
New Jersey,Jam-E-Masjid Islamic Center,18288, 170.00 , -   , -   , -   , -   , -   , 170.00 ,Banked,,New Jersey
New Jersey,Darul Arqam School,18356," 1,586.00 ", -   , -   , -   , -   , -   ," 1,586.00 ",Banked,,New Jersey
New England,Cinegroove,18358, 55.00 , -   , -   , -   , -   , -   , 55.00 ,Banked,,Massachusetts
National,Sara,18359, -   , -   , -   , -   , -   , -   , -   ,Banked,,
North Carolina,Muslim Artists of North Carolina (MANC),18360," 1,256.00 ", -   , -   , -   , -   , -   ," 1,256.00 ",Banked,11179.3 is the total,North Carolina
New Jersey,Talibaat,18361," 1,284.00 ", -   , -   , -   , -   , -   ," 1,284.00 ",Banked,Has 2 LG pages will consider one with the amount ,New Jersey
Emerging Midwest,Georgia Unity Event (CW Bazaar),18362, -   , -   , -   , -   , -   , -   , -   ,Banked,,#N/A
Downstate - New York,"Young Muslims, Brooklyn (Brothers)",18387, 810.00 , -   , -   , -   , -   , -   , 810.00 ,Banked,,Downstate - New York
Emerging Southwest,University of Denver (MSA),18388, 139.00 , -   , -   , -   , -   , -   , 139.00 ,Banked,,Colorado
New Jersey,Rider University,18389, -   , -   , -   , -   , -   , -   , -   ,Confirmed - No Donations,,New Jersey
New England,Massachusetts Regional Unity Event,18390," 1,000.00 ", 55.00 , -   , -   , -   , -   ," 1,055.00 ",Banked,,Massachusetts
New England,Connecticut Regional Unity Event,18391, -   , -   , -   , -   , -   , -   , -   ,Banked,,#N/A
New England,Rhode Island Regional Unity Event,18392, -   , -   , -   , -   , -   , -   , -   ,Banked,,#N/A
National,Charity Week USA,17427," 2,623.00 ", -   , -   , -   , -   , -   ," 2,623.00 ",Banked,General Fund,National
National,Charity Week USA,16974, 825.00 , -   , -   , -   , -   , -   , 825.00 ,Banked,General Fund,National
Michigan,Miftaah Institute,18519, 420.00 , -   , -   , -   , -   , -   , 420.00 ,Banked,,Michigan