cw_year,community_sponsor_id,institution_name,institution_id,region,state,launch_good,venmo,check_amount,school_check,corporate_match,money_order_other,total,banking_status,notes
2025,17434,7 Skies Junk Disposal,14,Downstate - New York,Downstate - New York,20.0,0.0,0.0,0.0,0.0,0.0,20.0,Banked,
2025,17435,Adelphi University (MSA),,Downstate - New York,Downstate - New York,684.0,0.0,0.0,0.0,0.0,0.0,684.0,Banked,
2025,17436,Agnes Scott College (MSA),,Emerging Midwest,Georgia,0.0,0.0,0.0,0.0,0.0,0.0,0.0,Confirmed - No Donations,
2025,17437,Al Amin Halal Super Market & Restaurant,,Emerging Midwest,Georgia,0.0,0.0,0.0,0.0,0.0,0.0,0.0,Confirmed - No Donations,
2025,17438,Al Huda Groceries,,Emerging Midwest,Georgia,0.0,0.0,0.0,0.0,0.0,0.0,0.0,Confirmed - No Donations,
2025,17439,Al-Ihsan Academy,56,Downstate - New York,Downstate - New York,400.0,0.0,5426.0,0.0,0.0,0.0,5826.0,Banked,
2025,17440,Al-Noor Academy,59,New England,Massachusetts,1572.0,0.0,0.0,0.0,0.0,0.0,1572.0,Banked,
2025,17441,Al-Noor Academy,59,New England,Massachusetts,0.0,0.0,0.0,0.0,0.0,0.0,0.0,Banked,N/A - Disregard (Duplicate)
2025,17442,Alabama College of Osteopathic Medicine,,Emerging Midwest,Alabama,1901.0,0.0,0.0,0.0,0.0,0.0,1901.0,Banked,
2025,17443,Alief Early College High School (MSA),,Houston - Texas,Houston - Texas,0.0,0.0,0.0,0.0,0.0,0.0,0.0,Confirmed - No Donations,
2025,17444,Almeta Crawford Highschool (MSA),,Houston - Texas,Houston - Texas,0.0,0.0,0.0,0.0,0.0,0.0,0.0,Confirmed - No Donations,
2025,17445,"American Medical Muslim Student Association, New York",,Downstate - New York,Downstate - New York,631.0,0.0,0.0,0.0,0.0,0.0,631.0,Banked,
2025,17446,Amherst College (MSA),,New England,Massachusetts,1546.0,0.0,0.0,0.0,0.0,0.0,1546.0,Banked,
2025,17447,Amir Institute,,North Carolina,North Carolina,0.0,0.0,0.0,0.0,0.0,0.0,0.0,Confirmed - No Donations,
2025,17448,ANSAR,,Downstate - New York,Downstate - New York,50.0,0.0,0.0,0.0,0.0,0.0,50.0,Banked,
2025,17449,Areba Bintmahbub,,National,,0.0,0.0,0.0,0.0,0.0,0.0,0.0,Banked,
2025,17450,Arizona State University (MSA),96,Emerging Southwest,Arizona,138.0,0.0,0.0,0.0,0.0,0.0,138.0,Banked,
2025,17451,Artist Ummah,101,North Carolina,North Carolina,209.0,0.0,0.0,0.0,0.0,0.0,209.0,Banked,
2025,17452,Atascocita High School (MSA),,Houston - Texas,Houston - Texas,0.0,0.0,0.0,0.0,0.0,0.0,0.0,Confirmed - No Donations,
2025,17453,Augsburg University (MSA),,Emerging Midwest,Minnesota,0.0,0.0,0.0,0.0,0.0,0.0,0.0,Not Banked,
2025,17454,Augusta University (MSA),,Emerging Midwest,Georgia,493.0,486.12,0.0,0.0,0.0,0.0,979.12,Banked,
2025,17455,Babson College (MSA),,New England,Massachusetts,682.0,0.0,0.0,0.0,0.0,0.0,682.0,Banked,
2025,17456,Baccalaureate School for Global Education (MSA),,Downstate - New York,Downstate - New York,0.0,0.0,0.0,0.0,0.0,116.21,116.21,Banked,
2025,17457,Bangladesh Halal Meat & Grocery,,Emerging Midwest,Georgia,40.0,0.0,0.0,0.0,0.0,0.0,40.0,Banked,
2025,17458,Barakah and Belonging Sisters Community Group,,Upstate - New York,Upstate - New York,0.0,0.0,0.0,0.0,0.0,0.0,0.0,Confirmed - No Donations,
2025,17459,Bay Path university (MSA),,New England,Massachusetts,150.0,0.0,0.0,0.0,0.0,0.0,150.0,Banked,
2025,17460,Baylor College of Medicine (MSA),,Houston - Texas,Houston - Texas,0.0,0.0,0.0,0.0,0.0,0.0,0.0,Confirmed - No Donations,
2025,17461,Baytul-Iman Academy,,New Jersey,New Jersey,405.0,0.0,0.0,0.0,0.0,0.0,405.0,Banked,
2025,17462,Bellaire (MSA),,Houston - Texas,Houston - Texas,0.0,0.0,0.0,0.0,0.0,0.0,0.0,Confirmed - No Donations,
2025,17463,Belmont University (MSA),,Emerging Midwest,Tennessee,100.0,0.0,0.0,0.0,0.0,0.0,100.0,Banked,
2025,17464,Bentley University (MSA),,New England,Massachusetts,1123.15,0.0,0.0,0.0,0.0,0.0,1123.15,Banked,
2025,17465,Berkeley Masjid Saturday School,,California,California,803.0,0.0,0.0,0.0,1460.0,0.0,2263.0,Banked,
2025,17466,Bethlehem Central High School (MSA),,Upstate - New York,Upstate - New York,10.0,0.0,285.0,0.0,0.0,0.0,295.0,Banked,
2025,17467,Binghamton University (MSA),,Upstate - New York,Upstate - New York,0.0,0.0,0.0,1249.5,0.0,0.0,1249.5,Banked,
2025,17468,Bismillah Cafe,,Emerging Midwest,Georgia,0.0,0.0,0.0,0.0,0.0,0.0,0.0,Banked,
2025,17469,Boston College (MSA),166,New England,Massachusetts,2927.15,0.0,0.0,0.0,0.0,0.0,2927.15,Banked,
2025,17470,Bowdoin College (MSA ),169,New England,Maine,1000.0,0.0,0.0,0.0,0.0,0.0,1000.0,Banked,
2025,17471,Brand Land Islamic Center,,Houston - Texas,Houston - Texas,100.0,0.0,0.0,0.0,0.0,0.0,100.0,Banked,
2025,17472,Bridgeland High School (MSA),,Houston - Texas,Houston - Texas,0.0,0.0,0.0,0.0,0.0,0.0,0.0,Not Banked,
2025,17473,Bridgewater State University (MSA),,New England,Massachusetts,0.0,0.0,0.0,0.0,0.0,0.0,0.0,Banked,
2025,17474,Bridging The Gap (OCIF),,California,California,1240.0,0.0,0.0,0.0,0.0,0.0,1240.0,Banked,
2025,17475,Brooklyn Technical High School (MIST),,Downstate - New York,Downstate - New York,673.0,0.0,0.0,0.0,0.0,0.0,673.0,Banked,
2025,17476,Broward College Central Campus (MSA),,Florida,Florida,202.0,0.0,0.0,0.0,0.0,0.0,202.0,Banked,
2025,17477,Brown University (MSA),,New England,Rhode Island,632.2,20.0,0.0,0.0,0.0,0.0,652.2,Banked,
2025,17478,"California State Polytechnic University, Pomona (MSA)",,California,California,5100.0,0.0,0.0,0.0,0.0,0.0,5100.0,Banked,
2025,17479,"California State University, Fresno (MSA)",,California,California,245.0,0.0,345.0,0.0,0.0,0.0,590.0,Banked,
2025,17480,"California State University, Fullerton (MSA)",,California,California,1360.0,0.0,0.0,0.0,0.0,0.0,1360.0,Banked,
2025,17481,"California State University, Long Beach (MSA)",,California,California,0.0,200.0,0.0,0.0,0.0,0.0,200.0,Banked,
2025,17482,"California State University, Northridge (MSA)",,California,California,746.0,0.0,0.0,0.0,0.0,0.0,746.0,Banked,
2025,17483,"California State University, Sacramento (MSA)",,California,California,2660.0,0.0,0.0,0.0,0.0,0.0,2660.0,Banked,
2025,17484,"California State University, San Marcos (MSA)",,California,California,0.0,100.0,0.0,0.0,0.0,0.0,100.0,Banked,
2025,17485,Canisius University (MSA),,Upstate - New York,Upstate - New York,326.0,12.56,0.0,0.0,0.0,0.0,338.56,Banked,
2025,17486,Cardozo High School (MSA),,Downstate - New York,Downstate - New York,4531.0,0.0,0.0,0.0,0.0,0.0,4531.0,Banked,
2025,17487,Carnegie Mellon University (MSA),203,Emerging Midwest,Pennsylvania,3200.0,0.0,0.0,0.0,0.0,0.0,3200.0,Banked,
2025,17488,Carnegie Vanguard High School (MSA),,Houston - Texas,Houston - Texas,0.0,0.0,0.0,0.0,0.0,0.0,0.0,Confirmed - No Donations,
2025,17489,Cary Masjid Youth,,North Carolina,North Carolina,0.0,0.0,0.0,0.0,0.0,0.0,0.0,Confirmed - No Donations,
2025,17490,Chapman University (MSA),,California,California,0.0,0.0,0.0,118.22,0.0,0.0,118.22,Banked,
2025,17491,Churchill Fulshear High School (MSA),,Houston - Texas,Houston - Texas,0.0,0.0,0.0,0.0,0.0,0.0,0.0,Confirmed - No Donations,
2025,17492,Cinco Ranch Highschool (MSA),,Houston - Texas,Houston - Texas,0.0,0.0,0.0,0.0,0.0,0.0,0.0,Not Banked,
2025,17493,Clear Horizons Early College High School (MSA),,Houston - Texas,Houston - Texas,0.0,0.0,0.0,0.0,0.0,0.0,0.0,Confirmed - No Donations,
2025,17494,Clear Lake High School (MSA),,Houston - Texas,Houston - Texas,0.0,0.0,0.0,0.0,0.0,0.0,0.0,Confirmed - No Donations,
2025,17495,Clear Springs High School (MSA),,Houston - Texas,Houston - Texas,0.0,0.0,0.0,0.0,0.0,0.0,0.0,Confirmed - No Donations,
2025,17496,Colgate University (MSA),,Upstate - New York,Upstate - New York,508.0,0.0,0.0,0.0,0.0,0.0,508.0,Banked,
2025,17497,College of DuPage (MSA),,Emerging Midwest,Illinois,0.0,0.0,0.0,0.0,0.0,0.0,0.0,Not Banked,
2025,17498,College Preparatory School of America,,Emerging Midwest,Illinois,19941.0,0.0,0.0,0.0,0.0,0.0,19941.0,Banked,
2025,17499,Columbia University (MSA),,Downstate - New York,Downstate - New York,13431.0,0.0,0.0,0.0,0.0,0.0,13431.0,Banked,
2025,17500,Columbia University Graduate School (MSA),,Downstate - New York,Downstate - New York,2107.0,0.0,0.0,0.0,0.0,0.0,2107.0,Banked,
2025,17501,Cornell University (MSA),,Upstate - New York,Upstate - New York,1695.0,0.0,0.0,0.0,0.0,0.0,1695.0,Banked,
2025,17502,Creighton University (MSA),,Emerging Southwest,Nebraska,200.0,255.0,0.0,0.0,0.0,0.0,455.0,Banked,
2025,17503,"CUNY, Baruch College (MSA)",,Downstate - New York,Downstate - New York,25548.0,0.0,0.0,0.0,0.0,0.0,25548.0,Banked,
2025,17504,"CUNY, Brooklyn College (MSA)",,Downstate - New York,Downstate - New York,3333.0,0.0,0.0,0.0,0.0,0.0,3333.0,Banked,
2025,17505,"CUNY, City College of New York (MSO&WII)",,Downstate - New York,Downstate - New York,75990.0,0.0,21517.76,0.0,48000.0,0.0,145507.76,Banked,
2025,17506,"CUNY, College of Staten Island (MSA)",267,Downstate - New York,Downstate - New York,2000.0,0.0,0.0,0.0,0.0,0.0,2000.0,Banked,
2025,17507,"CUNY, Hunter College (MSA)",,Downstate - New York,Downstate - New York,25207.0,0.0,0.0,0.0,29450.0,0.0,54657.0,Banked,
2025,17508,"CUNY, John Jay College (MSA)",,Downstate - New York,Downstate - New York,6654.0,0.0,0.0,0.0,0.0,0.0,6654.0,Banked,
2025,17509,"CUNY, Lehman College (MSA)",,Downstate - New York,Downstate - New York,1135.0,0.0,0.0,0.0,0.0,0.0,1135.0,Banked,
2025,17510,Cypress Bay High School (MSA),,Florida,Florida,156.0,0.0,0.0,0.0,0.0,0.0,156.0,Banked,
2025,17511,Cypress Ranch High School (MSA),,Houston - Texas,Houston - Texas,0.0,0.0,0.0,0.0,0.0,0.0,0.0,Confirmed - No Donations,
2025,17512,Cypress Springs High School (MSA),,Houston - Texas,Houston - Texas,0.0,0.0,0.0,0.0,0.0,0.0,0.0,Confirmed - No Donations,
2025,17513,Cypress Woods Highschool (MSA),,Houston - Texas,Houston - Texas,0.0,0.0,0.0,0.0,0.0,0.0,0.0,Confirmed - No Donations,
2025,17514,Dartmouth College (MSA),,New England,New Hampshire,555.0,0.0,0.0,0.0,0.0,0.0,555.0,Banked,
2025,17515,Davidson College (MSA),,North Carolina,North Carolina,0.0,0.0,0.0,0.0,0.0,0.0,0.0,Confirmed - No Donations,
2025,17516,DePaul University (UMMA),,Emerging Midwest,Illinois,525.0,0.0,0.0,0.0,0.0,0.0,525.0,Banked,
2025,17517,Desi Bazaar & Halal Meat,,Emerging Midwest,Georgia,0.0,0.0,0.0,0.0,0.0,0.0,0.0,Confirmed - No Donations,
2025,17518,Drexel University (MSA),,Emerging Midwest,Pennsylvania,2234.0,0.0,0.0,0.0,0.0,0.0,2234.0,Banked,
2025,17519,Duke University (MSA),,North Carolina,North Carolina,0.0,0.0,0.0,0.0,0.0,0.0,0.0,Confirmed - No Donations,
2025,17520,Dulles High School (MSA),,Houston - Texas,Houston - Texas,0.0,0.0,0.0,0.0,0.0,0.0,0.0,Banked,
2025,17521,Eastern Michigan University (MSA),315,Michigan,Michigan,139.0,0.0,0.0,0.0,0.0,0.0,139.0,Banked,
2025,17522,Eidi4Kids,,Downstate - New York,Downstate - New York,0.0,0.0,0.0,0.0,0.0,0.0,0.0,Confirmed - No Donations,
2025,17523,Elkins High School (MSA),,Houston - Texas,Houston - Texas,0.0,0.0,0.0,0.0,0.0,0.0,0.0,Confirmed - No Donations,
2025,17524,Elmhurst University (MSA),,Emerging Midwest,Illinois,1465.0,0.0,0.0,0.0,0.0,0.0,1465.0,Banked,
2025,17525,Elsik High School (MSA),,Houston - Texas,Houston - Texas,0.0,0.0,0.0,0.0,0.0,0.0,0.0,Confirmed - No Donations,
2025,17526,Emmanuel College (MSA),,New England,Massachusetts,1308.15,0.0,0.0,0.0,0.0,0.0,1308.15,Banked,
2025,17527,Ethiopian Youth Muslim Association of Nashville,,Emerging Midwest,Tennessee,185.0,0.0,0.0,0.0,0.0,0.0,185.0,Confirmed - No Donations,
2025,17528,Everglades High School (MSA),330,Florida,Florida,80.0,0.0,0.0,0.0,0.0,0.0,80.0,Banked,
2025,17529,"Fairleigh Dickinson University, Florham (MSA)",336,New Jersey,New Jersey,0.0,0.0,0.0,646.0,0.0,0.0,646.0,Banked,
2025,17530,"Fairleigh Dickinson University, Metro (MSA)",,New Jersey,New Jersey,0.0,0.0,0.0,0.0,0.0,0.0,0.0,Confirmed - No Donations,
2025,17531,Fariha Baburi,,Emerging Midwest,Georgia,0.0,0.0,0.0,0.0,0.0,0.0,0.0,Banked,
2025,17532,Fashion Institute of Technology (MSU),,Downstate - New York,Downstate - New York,600.0,0.0,0.0,0.0,0.0,0.0,600.0,Banked,
2025,17533,Flagler Masjid,,Florida,Florida,150.0,0.0,0.0,0.0,0.0,0.0,150.0,Banked,
2025,17534,Florida Atlantic University (MSA),,Florida,Florida,365.0,0.0,0.0,0.0,0.0,0.0,365.0,Banked,
2025,17535,Florida International University (MSA),,Florida,Florida,2026.0,0.0,0.0,0.0,0.0,0.0,2026.0,Banked,
2025,17536,Fordham University (MSA),358,Downstate - New York,Downstate - New York,10808.0,0.0,0.0,0.0,0.0,0.0,10808.0,Banked,
2025,17537,Freeman High School (MSA),,Houston - Texas,Houston - Texas,0.0,0.0,0.0,0.0,0.0,0.0,0.0,Confirmed - No Donations,
2025,17538,Fusion Muslim Community Center of North Jersey,366,New Jersey,New Jersey,321.0,29.0,0.0,0.0,0.0,439.0,789.0,Banked,
2025,17539,Gallaudet University (MSA),,DMV,D.C.,255.0,0.0,0.0,0.0,0.0,504.0,759.0,Banked,
2025,17540,George Mason University (MSA),,DMV,Virginia,454.0,268.77,0.0,0.0,0.0,0.0,722.77,Banked,
2025,17541,George Washington University (MSA),,DMV,D.C.,623.0,0.0,0.0,0.0,0.0,0.0,623.0,Banked,
2025,17542,Georgetown University (MSA),,DMV,D.C.,4199.0,0.0,0.0,0.0,0.0,0.0,4199.0,Banked,
2025,17543,Georgia Gwinnett College (MSA),,Emerging Midwest,Georgia,254.0,0.0,0.0,0.0,0.0,0.0,254.0,Banked,
2025,17544,Georgia State University (SJU),,Emerging Midwest,Georgia,232.0,0.0,0.0,0.0,0.0,0.0,232.0,Banked,
2025,17545,Glamabayasss,373,Downstate - New York,Downstate - New York,445.0,0.0,0.0,0.0,0.0,0.0,445.0,Banked,
2025,17546,Glenda Dawson High School (MSA),,Houston - Texas,Houston - Texas,0.0,0.0,0.0,0.0,0.0,0.0,0.0,Confirmed - No Donations,
2025,17547,Googlers,383,Downstate - New York,Downstate - New York,250.0,0.0,0.0,0.0,0.0,0.0,250.0,Banked,
2025,17548,Halal Heels (MSA),,North Carolina,North Carolina,0.0,1050.0,0.0,0.0,0.0,0.0,1050.0,Banked,
2025,17549,Hamilton College (MSA),,Upstate - New York,Upstate - New York,2308.0,0.0,0.0,0.0,0.0,0.0,2308.0,Banked,
2025,17550,Hamline University (MSA),,Emerging Midwest,Minnesota,1454.0,0.0,0.0,0.0,0.0,0.0,1454.0,Banked,
2025,17551,Hightower Highschool (MSA),,Houston - Texas,Houston - Texas,0.0,0.0,0.0,0.0,0.0,0.0,0.0,Not Banked,
2025,17552,Hofstra University (MSA),,Downstate - New York,Downstate - New York,319.0,0.0,0.0,0.0,0.0,0.0,319.0,Banked,
2025,17553,Houston North West High School (MSA),,Houston - Texas,Houston - Texas,0.0,0.0,0.0,0.0,0.0,0.0,0.0,Confirmed - No Donations,
2025,17554,Icahn School of Medicine at Mount Sinai (MSA),,Downstate - New York,Downstate - New York,0.0,0.0,0.0,0.0,0.0,0.0,0.0,Confirmed - No Donations,
2025,17555,Illinois Institute of Technology (MSA),,Emerging Midwest,Illinois,0.0,0.0,0.0,0.0,0.0,0.0,0.0,Banked,
2025,17556,"Indiana University, Bloomington (MSA)",,Emerging Midwest,Indiana,2097.0,0.0,0.0,0.0,0.0,0.0,2097.0,Banked,
2025,17557,"Indiana University, Southeast (MSA)",,Emerging Midwest,Indiana,700.0,0.0,0.0,0.0,0.0,0.0,700.0,Banked,
2025,17558,Iowa State University (MSA),,Emerging Midwest,Iowa,0.0,0.0,0.0,0.0,0.0,0.0,0.0,Banked,
2025,17559,iSchool High School at University Park (MSA),,Houston - Texas,Houston - Texas,134.0,0.0,0.0,0.0,0.0,0.0,134.0,Banked,
2025,17560,Islamic Center of Frisco,464,Dallas - Texas,Dallas - Texas,0.0,0.0,0.0,0.0,0.0,0.0,0.0,Banked,
2025,17561,Islamic Center of Hawthorne Weekend School,,California,California,3006.0,0.0,0.0,0.0,0.0,0.0,3006.0,Banked,
2025,17562,Islamic Center of Johnson County Youth Department,466,Emerging Midwest,Kansas City,9075.0,0.0,200.0,0.0,0.0,0.0,9275.0,Banked,
2025,17563,Islamic Center of Long Island Youth,,Downstate - New York,Downstate - New York,559.0,0.0,0.0,0.0,0.0,0.0,559.0,Banked,
2025,17564,Islamic Center of Weston,469,Florida,Florida,422.0,0.0,0.0,0.0,0.0,0.0,422.0,Banked,
2025,17565,Islamic Learning Center of New York City,,Downstate - New York,Downstate - New York,0.0,0.0,0.0,0.0,0.0,0.0,0.0,Confirmed - No Donations,
2025,17566,Islamic Relief at University of Buffalo,,Upstate - New York,Upstate - New York,2870.0,0.0,0.0,0.0,0.0,0.0,2870.0,Banked,
2025,17567,Islamic Society of Boston Sunday school,527,New England,Massachusetts,1502.0,0.0,0.0,0.0,0.0,0.0,1502.0,Banked,
2025,17568,Islamic Society of Boston University,,New England,Massachusetts,4190.15,0.0,0.0,0.0,0.0,0.0,4190.15,Banked,
2025,17569,Islamic Society of Boston Youth Programs,,New England,Massachusetts,0.0,0.0,0.0,0.0,0.0,0.0,0.0,Confirmed - No Donations,"mixed up with sunday school previously, Youth program one wasn't active"
2025,17570,Islamic Society of Corona-Norco Youth,,California,California,142.0,0.0,0.0,0.0,0.0,0.0,142.0,Banked,
2025,17571,Islamic Society of Northeastern University,530,New England,Massachusetts,6462.15,2000.0,0.0,0.0,0.0,0.0,8462.15,Banked,
2025,17572,Islamic Society of Western Massachusetts,531,New England,Massachusetts,1550.0,0.0,0.0,0.0,0.0,0.0,1550.0,Banked,
2025,17573,Jahan Holdings LLC,,Downstate - New York,Downstate - New York,0.0,0.0,0.0,0.0,0.0,0.0,0.0,Confirmed - No Donations,
2025,17574,Jamaica Muslim Center,,Downstate - New York,Downstate - New York,20.0,0.0,0.0,0.0,0.0,0.0,20.0,Banked,
2025,17575,James Madison University (MSA),,DMV,Virginia,7300.0,0.0,0.0,0.0,0.0,0.0,7300.0,Banked,
2025,17576,John Carroll University (MSA),,Emerging Midwest,Ohio,0.0,0.0,0.0,0.0,0.0,0.0,0.0,Not Banked,
2025,17577,Johns Hopkins University (MSA),,DMV,Maryland,2050.0,0.0,0.0,0.0,0.0,0.0,2050.0,Banked,
2025,17578,Johnson & Wales University (MSA),,New England,Rhode Island,300.0,0.0,0.0,0.0,0.0,0.0,300.0,Banked,
2025,17579,Johnson County Community College (MSA),,Emerging Midwest,Kansas City,1010.0,0.0,0.0,0.0,0.0,0.0,1010.0,Banked,
2025,17580,Jordan High School (MSA),,Houston - Texas,Houston - Texas,0.0,0.0,0.0,0.0,0.0,0.0,0.0,Not Banked,
2025,17581,Kansas State University (MSA),,Emerging Midwest,Kansas,0.0,0.0,0.0,0.0,0.0,0.0,0.0,Confirmed - No Donations,
2025,17582,Karamah,,Emerging Midwest,Georgia,0.0,0.0,0.0,0.0,0.0,0.0,0.0,Banked,
2025,17583,Kasbah Koffee,,North Carolina,North Carolina,0.0,126.0,0.0,0.0,0.0,0.0,126.0,Banked,
2025,17585,Katy High School (MSA),,Houston - Texas,Houston - Texas,0.0,0.0,0.0,0.0,0.0,0.0,0.0,Confirmed - No Donations,
2025,17586,Kean University (MSA),,New Jersey,New Jersey,641.0,0.0,0.0,0.0,0.0,0.0,641.0,Banked,
2025,17587,Kelly Crosby Art,,Emerging Midwest,Georgia,0.0,0.0,0.0,0.0,0.0,0.0,0.0,Banked,
2025,17588,Kempner High School (MSA),,Houston - Texas,Houston - Texas,10.0,0.0,0.0,0.0,0.0,0.0,10.0,Banked,
2025,17589,Kent State University (MSA),,Emerging Midwest,Ohio,0.0,50.0,0.0,0.0,0.0,0.0,50.0,Banked,
2025,17590,Kerr (MSA),581,Houston - Texas,Houston - Texas,5.0,0.0,0.0,0.0,0.0,0.0,5.0,Banked,
2025,17591,Kingwood High School (MSA),,Houston - Texas,Houston - Texas,100.0,0.0,0.0,0.0,0.0,0.0,100.0,Banked,
2025,17592,Klein Collins (UMA/MSA),,Houston - Texas,Houston - Texas,0.0,0.0,0.0,0.0,0.0,0.0,0.0,Confirmed - No Donations,
2025,17593,LA Muslims Social Club,,California,California,505.0,0.0,0.0,0.0,600.0,0.0,1105.0,Banked,
2025,17594,Lafayette High School (MSA),,Downstate - New York,Downstate - New York,0.0,0.0,0.0,0.0,0.0,0.0,0.0,Confirmed - No Donations,
2025,17595,Lake Erie College of Osteopathic Medicine at Elmira (MMSA),,Upstate - New York,Upstate - New York,120.0,0.0,0.0,0.0,0.0,0.0,120.0,Banked,
2025,17596,Lane Tech College Prep High School (MSA),,Emerging Midwest,Illinois,90.0,0.0,0.0,0.0,0.0,0.0,90.0,Banked,
2025,17597,Langley High School (MSA),,DMV,Virginia,0.0,0.0,0.0,0.0,0.0,0.0,0.0,Not Banked,Waiting for final update
2025,17598,LECOM AMMSA,610,Emerging Midwest,Pennsylvania,5.0,0.0,0.0,0.0,0.0,0.0,5.0,Confirmed - No Donations,
2025,17599,Lehigh University (MSA),,Emerging Midwest,Pennsylvania,3626.0,0.0,0.0,0.0,3200.0,0.0,6826.0,Banked,
2025,17600,"Long Island University, Brooklyn (MSA)",,Downstate - New York,Downstate - New York,800.0,0.0,0.0,0.0,0.0,0.0,800.0,Banked,
2025,17601,Louisiana State University (MSA),,Emerging Midwest,Louisiana,0.0,0.0,0.0,0.0,0.0,0.0,0.0,Confirmed - No Donations,
2025,17602,Louisiana State University Health New Orleans,,Emerging Midwest,Louisiana,0.0,0.0,0.0,0.0,0.0,0.0,0.0,Not Banked,
2025,17603,Loyola University Chicago (MSA),,Emerging Midwest,Illinois,1975.0,0.0,0.0,0.0,0.0,0.0,1975.0,Banked,
2025,17604,Manhattan Center for Science and Mathematics (MSA),647,Downstate - New York,Downstate - New York,536.0,0.0,0.0,0.0,0.0,0.0,536.0,Banked,
2025,17605,Manhattan University (MSA),,Downstate - New York,Downstate - New York,0.0,0.0,0.0,0.0,0.0,0.0,0.0,Banked,
2025,17606,Manvel High School (MSA),,Houston - Texas,Houston - Texas,0.0,0.0,0.0,0.0,0.0,0.0,0.0,Confirmed - No Donations,
2025,17607,Marist University (MSA),,Upstate - New York,Upstate - New York,0.0,0.0,0.0,0.0,0.0,0.0,0.0,Confirmed - No Donations,
2025,17608,Marjory Stoneman Douglas High School (MSA),655,Florida,Florida,278.0,0.0,0.0,0.0,0.0,0.0,278.0,Banked,
2025,17609,Marshall University (MSA),,Emerging Midwest,West Virginia,0.0,0.0,0.0,0.0,0.0,0.0,0.0,Banked,
2025,17610,Maruf Community,,Downstate - New York,Downstate - New York,0.0,0.0,0.0,0.0,0.0,0.0,0.0,Confirmed - No Donations,
2025,17611,Maryam Ahmad,,National,New York,0.0,0.0,0.0,0.0,0.0,0.0,0.0,Banked,
2025,17612,Marymount University MSA,,DMV,Virginia,1221.0,0.0,0.0,0.0,0.0,0.0,1221.0,Banked,
2025,17613,Maryville University MSA,,Emerging Midwest,Missouri,242.0,0.0,0.0,0.0,0.0,0.0,242.0,Banked,
2025,17614,Masjid Aisha X Islamic School of Rhode Island,,New England,Rhode Island,121.0,0.0,0.0,0.0,0.0,0.0,121.0,Banked,
2025,17615,Masjid Al Hoda Youth,,New England,Rhode Island,0.0,0.0,0.0,0.0,0.0,0.0,0.0,Banked,sent through URI because they collabed
2025,17616,Masjid Al-Kareem,666,New England,Rhode Island,905.0,0.0,0.0,0.0,0.0,0.0,905.0,Banked,
2025,17617,Masjid Ayesha,670,Houston - Texas,Houston - Texas,0.0,0.0,0.0,0.0,0.0,0.0,0.0,Confirmed - No Donations,
2025,17618,Massachusetts College of Pharmacy and Health Sciences (MSA),,New England,Massachusetts,0.0,0.0,0.0,0.0,0.0,0.0,0.0,Banked,
2025,17619,Massachusetts Institute of Technology (MSA),,New England,Massachusetts,7543.15,0.0,0.0,0.0,0.0,0.0,7543.15,Banked,collabed
2025,17620,Matcha Mu’min,,Downstate - New York,Downstate - New York,1256.0,0.0,0.0,0.0,0.0,0.0,1256.0,Banked,
2025,17621,Mathabah Young Pfofessionals of ICYL,,California,California,0.0,0.0,0.0,0.0,0.0,0.0,0.0,Confirmed - No Donations,
2025,17622,Mayde Creek High School (MSA),,Houston - Texas,Houston - Texas,90.0,0.0,0.0,0.0,0.0,0.0,90.0,Banked,
2025,17623,McFatter Technical High School (MSA),,Florida,Florida,0.0,0.0,0.0,0.0,0.0,0.0,0.0,Confirmed - No Donations,
2025,17624,McGovern Muslims in Medicine,681,Houston - Texas,Houston - Texas,0.0,50.0,0.0,0.0,0.0,0.0,50.0,Banked,
2025,17625,Meharry Medical College (MSA),,Emerging Midwest,Tennessee,0.0,0.0,0.0,0.0,0.0,0.0,0.0,Banked,
2025,17626,Memorial High School (MSA),,Houston - Texas,Houston - Texas,0.0,0.0,0.0,0.0,0.0,0.0,0.0,Confirmed - No Donations,
2025,17627,Mercer County Community College (MSA),,New Jersey,New Jersey,100.0,0.0,0.0,650.0,0.0,0.0,750.0,Banked,
2025,17628,Mercer University (MSA),,Emerging Midwest,Georgia,1702.0,0.0,0.0,0.0,0.0,0.0,1702.0,Banked,
2025,17629,Meredith College (MSA),,North Carolina,North Carolina,0.0,0.0,0.0,0.0,0.0,0.0,0.0,Confirmed - No Donations,
2025,17630,MIC youth program,713,New England,Massachusetts,0.0,0.0,0.0,0.0,0.0,0.0,0.0,Banked,finishing up
2025,17631,Michigan Community Mosque,,Michigan,Michigan,330.0,0.0,0.0,0.0,0.0,0.0,330.0,Banked,
2025,17632,Middle Tennessee State University (MSA),,Emerging Midwest,Tennessee,2703.0,0.0,0.0,0.0,0.0,0.0,2703.0,Banked,
2025,17633,"Midwestern University, Downers Grove (MSA)",,Emerging Midwest,Illinois,970.0,0.0,0.0,0.0,0.0,0.0,970.0,Banked,
2025,17634,Midwood High School (MSA),,Downstate - New York,Downstate - New York,400.0,0.0,0.0,0.0,0.0,0.0,400.0,Banked,
2025,17635,MIST Carolina,725,North Carolina,North Carolina,65.0,0.0,0.0,0.0,0.0,0.0,65.0,Banked,
2025,17636,Mix Match Mist,,Emerging Midwest,Georgia,0.0,0.0,0.0,0.0,0.0,0.0,0.0,Confirmed - No Donations,
2025,17637,Monira Uddin,,National,,0.0,0.0,0.0,0.0,0.0,0.0,0.0,Banked,
2025,17638,Monroe Community College (MSA),,Upstate - New York,Upstate - New York,589.0,0.0,0.0,0.0,0.0,0.0,589.0,Banked,
2025,17639,Montclair State University (MSA),,New Jersey,New Jersey,1944.0,0.0,0.0,0.0,0.0,0.0,1944.0,Banked,
2025,17640,Morehouse College (MSA),,Emerging Midwest,Georgia,241.0,0.0,0.0,0.0,0.0,0.0,241.0,Banked,
2025,17641,Morton Ranch High School (MSA),,Houston - Texas,Houston - Texas,0.0,0.0,0.0,0.0,0.0,0.0,0.0,Not Banked,
2025,17642,Mount Holyoke College (MSA),740,New England,Massachusetts,795.0,0.0,0.0,0.0,0.0,0.0,795.0,Banked,
2025,17643,Mt. San Antonio College (MSA),,California,California,0.0,0.0,0.0,0.0,0.0,0.0,0.0,Confirmed - No Donations,
2025,17644,MUNA Center of NY (Ozone Park),,Downstate - New York,Downstate - New York,1570.0,0.0,0.0,0.0,0.0,0.0,1570.0,Banked,
2025,17645,Muppies,,Downstate - New York,Downstate - New York,300.0,0.0,0.0,0.0,0.0,0.0,300.0,Banked,
2025,17646,"Muslim American Society, Central New Jersey",,New Jersey,New Jersey,200.0,424.0,0.0,0.0,0.0,0.0,624.0,Banked,
2025,17647,"Muslim American Society, Queens",,Downstate - New York,Downstate - New York,6317.0,0.0,0.0,0.0,0.0,0.0,6317.0,Banked,
2025,17648,"Muslim American Society, Sheepshead Bay",,Downstate - New York,Downstate - New York,0.0,0.0,0.0,0.0,0.0,0.0,0.0,Confirmed - No Donations,
2025,17649,Muslim Community Network,,Downstate - New York,Downstate - New York,756.0,0.0,0.0,0.0,0.0,0.0,756.0,Banked,
2025,17650,Muslim Residents in Atlas Crown,,Dallas - Texas,Dallas - Texas,85.0,0.0,0.0,0.0,0.0,0.0,85.0,Banked,
2025,17651,Muslim Sisterhood Society,,Emerging Midwest,Tennessee,38.0,0.0,0.0,0.0,0.0,0.0,38.0,Banked,
2025,17652,Muslim Young Professionals of Nashville,,Emerging Midwest,Tennessee,605.0,0.0,0.0,0.0,0.0,0.0,605.0,Banked,
2025,17653,Muslim Youth of Rhode Island,,New England,Rhode Island,1754.2,0.0,0.0,0.0,0.0,0.0,1754.2,Banked,
2025,17654,Naurene Sultana,,National,,0.0,0.0,0.0,0.0,0.0,0.0,0.0,Banked,
2025,17655,Nazareth University (MESA),,Upstate - New York,Upstate - New York,150.0,0.0,0.0,0.0,0.0,0.0,150.0,Banked,
2025,17656,Nazareth University (MSA),,Upstate - New York,Upstate - New York,0.0,0.0,0.0,0.0,0.0,0.0,0.0,Confirmed - No Donations,
2025,17657,New Jersey Institute of Technology (MSA),,New Jersey,New Jersey,0.0,0.0,0.0,0.0,0.0,0.0,0.0,Banked,Contributed to the Collab event
2025,17658,New Mexico State University (MSA),,Emerging Southwest,New Mexico,200.0,0.0,0.0,0.0,0.0,0.0,200.0,Banked,
2025,17659,New York City College of Technology (MSA),863,Downstate - New York,Downstate - New York,20.0,0.0,0.0,0.0,0.0,0.0,20.0,Banked,
2025,17660,"New York Institute of Technology, NYC (MSA)",,Downstate - New York,Downstate - New York,557.0,0.0,0.0,0.0,0.0,0.0,557.0,Banked,
2025,17661,New York Institute of Technology College of Osteopathic Medicine (MSA),,Downstate - New York,Downstate - New York,757.0,0.0,0.0,0.0,0.0,0.0,757.0,Banked,
2025,17662,New York University (MSA),,Downstate - New York,Downstate - New York,12673.0,0.0,0.0,0.0,20626.0,0.0,33299.0,Banked,
2025,17663,New York University College of Dentistry (MDA),,Downstate - New York,Downstate - New York,700.0,0.0,0.0,0.0,0.0,0.0,700.0,Banked,
2025,17664,North American Bangladeshi Islamic Community,,Downstate - New York,Downstate - New York,50.0,0.0,0.0,0.0,0.0,0.0,50.0,Banked,
2025,17665,North Carolina Central University (MSA),,North Carolina,North Carolina,0.0,0.0,0.0,0.0,0.0,0.0,0.0,Confirmed - No Donations,
2025,17666,North Carolina State University (MSA),,North Carolina,North Carolina,0.0,0.0,0.0,0.0,0.0,0.0,0.0,Banked,
2025,17667,North Central College (MSA),,Emerging Midwest,Illinois,91.0,0.0,0.0,0.0,0.0,0.0,91.0,Banked,
2025,17668,North Dakota State University (MSA),,Emerging Midwest,North Dakota,60.0,0.0,0.0,0.0,0.0,0.0,60.0,Banked,
2025,17669,Northeastern Illinois University (MSA),878,Emerging Midwest,Illinois,50.0,0.0,0.0,0.0,0.0,0.0,50.0,Confirmed - No Donations,
2025,17670,Northern Virginia Community College Loudon (MSA),882,DMV,Virginia,0.0,0.0,0.0,0.0,0.0,0.0,0.0,Banked,
2025,17671,"Northern Virginia Community College, Annandale (MSA)",,DMV,Virginia,1722.0,0.0,0.0,0.0,0.0,0.0,1722.0,Banked,
2025,17672,"Northern Virginia Community College, Manassas Campus (MSA)",,DMV,Virginia,1200.0,0.0,0.0,0.0,0.0,0.0,1200.0,Banked,
2025,17673,Northwestern University - The Feinberg School of Medicine,,Emerging Midwest,Illinois,1241.0,0.0,0.0,0.0,0.0,0.0,1241.0,Banked,
2025,17674,Nova High School (MSA),888,Florida,Florida,535.0,0.0,0.0,0.0,0.0,0.0,535.0,Banked,
2025,17675,Nova Southeastern University (MSA),,Florida,Florida,2121.0,0.0,0.0,0.0,0.0,0.0,2121.0,Banked,
2025,17676,Nueces Mosque,895,Dallas - Texas,Dallas - Texas,0.0,0.0,0.0,0.0,0.0,0.0,0.0,Banked,Sent donations under UT Austin UMR
2025,17677,NYU Grossman Long Island School of Medicine,,Downstate - New York,Downstate - New York,605.0,0.0,0.0,0.0,0.0,0.0,605.0,Banked,
2025,17678,Oakland University (MSA),,Michigan,Michigan,1252.0,0.0,0.0,0.0,0.0,0.0,1252.0,Banked,
2025,17679,Obra D. Tompkins Highschool (MSA),,Houston - Texas,Houston - Texas,0.0,0.0,0.0,0.0,0.0,0.0,0.0,Confirmed - No Donations,
2025,17680,Office of Youth Development at Masjid Al-Salam,,Houston - Texas,Houston - Texas,0.0,0.0,0.0,0.0,0.0,0.0,0.0,Confirmed - No Donations,
2025,17681,Ohio State University (MSA),,Emerging Midwest,Ohio,1035.0,0.0,0.0,0.0,0.0,0.0,1035.0,Banked,
2025,17682,Oklahoma State University (MSA),,Emerging Southwest,Oklahoma,520.0,0.0,0.0,0.0,0.0,0.0,520.0,Banked,
2025,17683,Old Bridge High School (MSA),,New Jersey,New Jersey,85.0,0.0,0.0,0.0,0.0,0.0,85.0,Banked,
2025,17684,One Ummah Project,,Emerging Midwest,Georgia,3346.0,0.0,0.0,0.0,0.0,0.0,3346.0,Banked,
2025,17685,Orange Coast College (MSA),,California,California,50.0,0.0,0.0,0.0,0.0,0.0,50.0,Not Banked,They will submit check
2025,17686,Pace University (MSA),,Downstate - New York,Downstate - New York,0.0,0.0,0.0,0.0,0.0,0.0,0.0,Confirmed - No Donations,
2025,17687,Peachtree Ridge High School (MSA),,Emerging Midwest,Georgia,310.0,0.0,0.0,0.0,0.0,0.0,310.0,Banked,
2025,17688,Pearland High School (MSA),,Houston - Texas,Houston - Texas,0.0,0.0,0.0,0.0,0.0,0.0,0.0,Confirmed - No Donations,
2025,17689,Pearland Highschool (MSA),,Houston - Texas,Houston - Texas,0.0,0.0,0.0,0.0,0.0,0.0,0.0,Confirmed - No Donations,
2025,17690,Pembroke Pines Charter (MSA),,Florida,Florida,0.0,0.0,0.0,0.0,0.0,0.0,0.0,Confirmed - No Donations,
2025,17691,Perris Islamic Center,,California,California,4897.0,0.0,0.0,0.0,0.0,0.0,4897.0,Banked,
2025,17692,Philadelphia College of Osteopathic Medicine (MSA),,Emerging Midwest,Pennsylvania,0.0,521.0,0.0,0.0,0.0,0.0,521.0,Banked,
2025,17693,Pillars Preparatory Academy,930,New Jersey,New Jersey,2025.0,0.0,0.0,0.0,0.0,0.0,2025.0,Banked,
2025,17694,Pompano Beach High School (MSA),,Florida,Florida,0.0,0.0,0.0,0.0,0.0,0.0,0.0,Confirmed - No Donations,
2025,17695,Prairie View A&M University (MSA),,Houston - Texas,Houston - Texas,0.0,0.0,0.0,0.0,0.0,0.0,0.0,Confirmed - No Donations,
2025,17696,Princeton University (MSA),941,New Jersey,New Jersey,3059.0,70.0,0.0,0.0,0.0,0.0,3129.0,Banked,
2025,17697,Purdue University (MSA),,Emerging Midwest,Indiana,0.0,0.0,0.0,499.92,0.0,0.0,499.92,Banked,
2025,17698,Qamaria Yemeni Coffee co.,,Downstate - New York,Downstate - New York,814.0,0.0,0.0,0.0,0.0,0.0,814.0,Banked,
2025,17699,Queens College MSA Alumni,,Downstate - New York,Downstate - New York,37.0,0.0,0.0,0.0,0.0,0.0,37.0,Banked,
2025,17700,Queens High School for the Sciences at York College (MSA),,Downstate - New York,Downstate - New York,0.0,0.0,0.0,0.0,0.0,0.0,0.0,Confirmed - No Donations,
2025,17701,Rensselaer Polytechnic Institute,970,Upstate - New York,Upstate - New York,648.0,0.0,0.0,0.0,0.0,0.0,648.0,Banked,
2025,17702,Rhode Island College (MSA),,New England,Rhode Island,632.2,0.0,0.0,0.0,0.0,0.0,632.2,Banked,combined with RWU
2025,17703,Rhodes College (MSA),,Emerging Midwest,Tennessee,693.0,0.0,0.0,0.0,0.0,0.0,693.0,Banked,
2025,17704,Rice University (MSA),,Houston - Texas,Houston - Texas,940.0,4650.35,0.0,0.0,0.0,0.0,5590.35,Banked,
2025,17705,Richardson High School (MSA),973,Dallas - Texas,Dallas - Texas,100.0,0.0,0.0,0.0,0.0,0.0,100.0,Banked,
2025,17706,Richland (MSA),974,Dallas - Texas,Dallas - Texas,0.0,0.0,0.0,0.0,0.0,0.0,0.0,Confirmed - No Donations,
2025,17707,Ridgepoint High School (MSA),,Houston - Texas,Houston - Texas,0.0,0.0,0.0,0.0,0.0,0.0,0.0,Confirmed - No Donations,
2025,17708,Rimaya Archery,975,Florida,Florida,251.0,0.0,0.0,0.0,0.0,0.0,251.0,Banked,
2025,17709,Riverside City College (MSA),,California,California,814.0,0.0,0.0,0.0,0.0,0.0,814.0,Banked,
2025,17710,Robert H. Goddard High School of Communication Arts and Technology (MSA),,Downstate - New York,Downstate - New York,238.0,0.0,0.0,0.0,0.0,0.0,238.0,Not Banked,
2025,17711,Rochester Institute of Technology (MSA),980,Upstate - New York,Upstate - New York,12230.0,0.0,0.0,0.0,0.0,0.0,12230.0,Banked,
2025,17712,Roger Williams University (MSA),,New England,Rhode Island,1017.2,0.0,0.0,0.0,0.0,0.0,1017.2,Banked,combined with RIC
2025,17713,Rooh Review Tutoring,,Emerging Midwest,Georgia,0.0,0.0,0.0,0.0,0.0,0.0,0.0,Confirmed - No Donations,
2025,17714,Rosalind Franklin University (AMMSA),,Emerging Midwest,Illinois,483.0,0.0,0.0,0.0,0.0,0.0,483.0,Banked,
2025,17715,Rowan University (MSA),,New Jersey,New Jersey,832.0,0.0,0.0,0.0,0.0,0.0,832.0,Banked,
2025,17716,"Rutgers University, Camden (MSA)",,New Jersey,New Jersey,106.0,0.0,0.0,0.0,0.0,0.0,106.0,Banked,
2025,17717,"Rutgers University, New Brunswick (MSA)",,New Jersey,New Jersey,12731.0,0.0,0.0,0.0,0.0,0.0,12731.0,Banked,
2025,17718,"Rutgers University, New Jersey Medical School (MSA)",,New Jersey,New Jersey,801.0,0.0,0.0,0.0,0.0,0.0,801.0,Banked,
2025,17719,"Rutgers University, Newark (MSA)",,New Jersey,New Jersey,927.0,0.0,0.0,0.0,0.0,0.0,927.0,Banked,
2025,17720,Saint Louis University (MSA),,Emerging Midwest,Missouri,900.0,0.0,0.0,0.0,0.0,0.0,900.0,Banked,
2025,17721,Saint Louis University School of Medicine AMSA (MSA),,Emerging Midwest,Missouri,0.0,0.0,0.0,0.0,0.0,0.0,0.0,Not Banked,
2025,17722,Sam Houston State University College of Osteopathic Medicine,,Houston - Texas,Houston - Texas,0.0,170.0,0.0,0.0,0.0,0.0,170.0,Banked,
2025,17723,San Diego State University (MSA),,California,California,1202.0,0.0,0.0,0.0,0.0,0.0,1202.0,Banked,
2025,17724,Sana Muhammad,,Emerging Midwest,Georgia,0.0,0.0,0.0,0.0,0.0,0.0,0.0,Confirmed - No Donations,
2025,17725,SARKLE,,Downstate - New York,Downstate - New York,0.0,0.0,0.0,0.0,0.0,0.0,0.0,Confirmed - No Donations,
2025,17726,Seckinger High School (MSA),,Emerging Midwest,Georgia,0.0,0.0,0.0,0.0,0.0,0.0,0.0,Confirmed - No Donations,
2025,17727,Seera Alam,,National,,0.0,0.0,0.0,0.0,0.0,0.0,0.0,Banked,
2025,17728,Seton Hall University (MSA),,New Jersey,New Jersey,2128.0,0.0,0.0,0.0,0.0,0.0,2128.0,Banked,
2025,17729,Seven Lakes High School (MSA),,Houston - Texas,Houston - Texas,0.0,0.0,0.0,0.0,0.0,0.0,0.0,Confirmed - No Donations,
2025,17730,Shadow Creek High School (MSA),,Houston - Texas,Houston - Texas,0.0,0.0,0.0,0.0,0.0,0.0,0.0,Not Banked,
2025,17731,Siena University (MSA),,Upstate - New York,Upstate - New York,100.0,203.0,0.0,0.0,0.0,230.0,533.0,Banked,
2025,17732,Simmons University (Islamic Society),,New England,Massachusetts,1204.15,270.7,0.0,0.0,0.0,129.0,1603.85,Banked,
2025,17733,Skidmore College (MSA),,Upstate - New York,Upstate - New York,508.0,0.0,0.0,0.0,0.0,0.0,508.0,Banked,
2025,17734,Smith College (MSA),,New England,Massachusetts,0.0,351.0,0.0,0.0,0.0,0.0,351.0,Banked,
2025,17735,Soil and Soul,,Downstate - New York,Downstate - New York,0.0,0.0,0.0,0.0,0.0,0.0,0.0,Confirmed - No Donations,
2025,17736,Southern Connecticut State University (MSA),,New England,Connecticut,0.0,0.0,0.0,0.0,0.0,0.0,0.0,Not Banked,have not replied
2025,17737,Southern Illinois University School of Medicine (AMMSA),,Emerging Midwest,Illinois,5.0,0.0,0.0,0.0,0.0,0.0,5.0,Banked,
2025,17738,Southern Methodist University (MSA),,Dallas - Texas,Dallas - Texas,1603.0,0.0,0.0,0.0,0.0,0.0,1603.0,Banked,
2025,17739,St. Francis College (MESA),,Downstate - New York,Downstate - New York,0.0,0.0,0.0,0.0,0.0,0.0,0.0,Banked,
2025,17740,St. John Fisher University (MSA),,Upstate - New York,Upstate - New York,365.0,0.0,0.0,0.0,0.0,0.0,365.0,Banked,
2025,17741,St. John's University (MSA),,Downstate - New York,Downstate - New York,11698.0,0.0,0.0,0.0,0.0,0.0,11698.0,Banked,
2025,17742,Stanford University (MSU),,California,California,10165.0,0.0,0.0,0.0,0.0,0.0,10165.0,Banked,
2025,17743,Stephen F. Austin (MSA),,Dallas - Texas,Dallas - Texas,0.0,0.0,0.0,0.0,0.0,0.0,0.0,Confirmed - No Donations,
2025,17744,Stevens Institute of Technology (MSA),,New Jersey,New Jersey,1642.0,0.0,0.0,0.0,0.0,0.0,1642.0,Banked,
2025,17745,Stritch School of Medicine (MSA),,Emerging Midwest,Illinois,534.0,55.0,0.0,0.0,0.0,0.0,589.0,Banked,
2025,17746,Stuyvesant High School (MSA),,Downstate - New York,Downstate - New York,524.0,0.0,0.0,0.0,0.0,0.0,524.0,Banked,
2025,17747,Sudanese Youth Network,1074,Downstate - New York,Downstate - New York,0.0,0.0,0.0,0.0,0.0,0.0,0.0,Confirmed - No Donations,
2025,17748,Suffolk University (MSA),,New England,Massachusetts,0.0,0.0,0.0,0.0,0.0,0.0,0.0,Confirmed - No Donations,
2025,17749,"SUNY, College of Optometry (MSA)",,Downstate - New York,Downstate - New York,1387.0,0.0,0.0,0.0,0.0,0.0,1387.0,Banked,
2025,17750,"SUNY, Downstate Health Sciences University (MSA)",,Downstate - New York,Downstate - New York,1365.0,0.0,0.0,0.0,0.0,0.0,1365.0,Banked,
2025,17751,"SUNY, Geneseo (MSA)",,Upstate - New York,Upstate - New York,2505.0,0.0,0.0,0.0,0.0,0.0,2505.0,Banked,
2025,17752,Synergy Hoops,,Downstate - New York,Downstate - New York,595.0,0.0,0.0,0.0,17458.64,0.0,18053.64,Banked,
2025,17753,Syracuse University (MSA),1093,Upstate - New York,Upstate - New York,1111.0,0.0,0.0,0.0,0.0,0.0,1111.0,Banked,
2025,17754,Taraweeh Chat,1098,Downstate - New York,Downstate - New York,3405.0,0.0,0.0,0.0,30500.0,0.0,33905.0,Banked,
2025,17755,Taste of Lebanon,,New England,Massachusetts,2220.0,0.0,0.0,0.0,0.0,0.0,2220.0,Banked,
2025,17756,Teachers College (MSA),,Downstate - New York,Downstate - New York,50.0,0.0,0.0,0.0,0.0,0.0,50.0,Banked,
2025,17757,Teaneck high school (MSA),,New Jersey,New Jersey,1801.0,0.0,0.0,0.0,0.0,0.0,1801.0,Banked,
2025,17758,Temple University (MSA),,Emerging Midwest,Pennsylvania,0.0,428.31,0.0,0.0,0.0,0.0,428.31,Banked,
2025,17759,Texas A&M University (MSA),,Houston - Texas,Houston - Texas,26572.0,0.0,0.0,0.0,0.0,0.0,26572.0,Banked,
2025,17760,Texas Christian University (MSA),,Dallas - Texas,Dallas - Texas,626.0,0.0,0.0,0.0,0.0,0.0,626.0,Banked,
2025,17761,Texas State University (MSA),1117,Houston - Texas,Houston - Texas,65.0,0.0,0.0,0.0,0.0,0.0,65.0,Banked,
2025,17762,Texas Tech University (MSA),,Houston - Texas,Houston - Texas,0.0,420.76,0.0,0.0,0.0,0.0,420.76,Banked,
2025,17763,"Texas Woman's University, Denton (MSA)",,Dallas - Texas,Dallas - Texas,0.0,0.0,0.0,0.0,0.0,0.0,0.0,Confirmed - No Donations,
2025,17764,The Bronx High School Of Science 10X445 (MSA),,Downstate - New York,Downstate - New York,210.0,0.0,0.0,0.0,0.0,0.0,210.0,Banked,
2025,17765,The College of New Jersey (MSA),,New Jersey,New Jersey,549.0,0.0,0.0,0.0,0.0,0.0,549.0,Banked,
2025,17766,The Pennsylvania State University (MSA),,Emerging Midwest,Pennsylvania,1135.0,0.0,0.0,0.0,0.0,0.0,1135.0,Banked,
2025,17767,The Soul Cup,,Downstate - New York,Downstate - New York,0.0,0.0,0.0,0.0,0.0,0.0,0.0,Confirmed - No Donations,
2025,17768,The University of Alabama at Birmingham (MSA),,Emerging Midwest,Alabama,928.0,0.0,0.0,0.0,0.0,0.0,928.0,Banked,
2025,17769,The Woodlands College Park High School (MSA),,Houston - Texas,Houston - Texas,0.0,0.0,0.0,0.0,0.0,0.0,0.0,Not Banked,
2025,17770,Thomas A. Edison CTE Highschool MSA (Bayt-Al Edison),,Downstate - New York,Downstate - New York,900.0,0.0,0.0,0.0,0.0,0.0,900.0,Banked,
2025,17771,Thomas F. Frist Jr. College of Medicine AMMSA at Belmont University,,Emerging Midwest,Tennessee,0.0,0.0,0.0,0.0,0.0,0.0,0.0,Confirmed - No Donations,
2025,17772,Thomas Jefferson High School for Science and Technology (MSA),,DMV,Virginia,15.0,150.0,0.0,0.0,0.0,0.0,165.0,Banked,
2025,17773,Thomas Jefferson University (MSA),,Emerging Midwest,Pennsylvania,210.0,0.0,0.0,0.0,0.0,0.0,210.0,Banked,
2025,17774,Townsend Harris High School (MSA),,Downstate - New York,Downstate - New York,1055.0,0.0,0.0,0.0,0.0,0.0,1055.0,Banked,
2025,17775,Travis High School (MSA),,Houston - Texas,Houston - Texas,0.0,0.0,0.0,0.0,0.0,0.0,0.0,Confirmed - No Donations,
2025,17776,Triangle Math and Science Academy (MSA),,North Carolina,North Carolina,39.0,0.0,0.0,0.0,0.0,0.0,39.0,Banked,
2025,17777,Truman State University (MSA),,Emerging Midwest,Missouri,0.0,0.0,0.0,0.0,0.0,0.0,0.0,Confirmed - No Donations,
2025,17778,Tufts School of Dental Medicine (MSA),,New England,Massachusetts,315.0,0.0,0.0,0.0,0.0,0.0,315.0,Banked,
2025,17779,Tulane University (MSA),,Emerging Midwest,Louisiana,526.0,0.0,0.0,0.0,0.0,0.0,526.0,Banked,
2025,17780,TYWLS Tahmina (MSA),1169,Downstate - New York,Downstate - New York,513.0,0.0,0.0,0.0,0.0,0.0,513.0,Banked,
2025,17781,Union College (MSA),,Upstate - New York,Upstate - New York,100.0,0.0,0.0,0.0,0.0,0.0,100.0,Banked,
2025,17782,Universal Martial Science Fitness,,Emerging Midwest,Georgia,0.0,0.0,0.0,0.0,0.0,0.0,0.0,Confirmed - No Donations,
2025,17783,University of Alabama in Huntsville (MSA),,Emerging Midwest,Alabama,1261.0,0.0,0.0,0.0,0.0,0.0,1261.0,Banked,
2025,17784,University of Albany (MSA),,Upstate - New York,Upstate - New York,1343.0,0.0,0.0,0.0,0.0,0.0,1343.0,Banked,
2025,17787,"University of Arkansas, Fayetteville (MSA)",,Emerging Southwest,Arkansas,0.0,0.0,2940.08,0.0,0.0,0.0,2940.08,Banked,
2025,17788,"University of California, Berkeley (MSA)",,California,California,17000.0,0.0,0.0,0.0,4000.0,0.0,21000.0,Banked,
2025,17789,"University of California, Davis (MSA)",,California,California,1456.0,0.0,0.0,0.0,0.0,0.0,1456.0,Banked,
2025,17790,"University of California, Irvine (MSU)",,California,California,2477.0,0.0,0.0,0.0,0.0,0.0,2477.0,Banked,
2025,17791,"University of California, Los Angeles (MSA)",,California,California,642.0,0.0,0.0,0.0,0.0,0.0,642.0,Banked,
2025,17792,"University of California, Riverside (MSA)",,California,California,959.0,0.0,0.0,0.0,0.0,0.0,959.0,Banked,
2025,17793,"University of California, San Diego (MSA)",,California,California,10821.0,0.0,0.0,0.0,0.0,0.0,10821.0,Banked,
2025,17794,"University of California, San Francisco (MSA)",,California,California,2384.0,0.0,0.0,0.0,0.0,0.0,2384.0,Banked,
2025,17795,"University of California, Santa Barbara (MSA)",,California,California,450.0,513.0,0.0,0.0,0.0,0.0,963.0,Banked,
2025,17796,"University of California, Santa Cruz (MSA)",,California,California,3130.0,0.0,0.0,0.0,0.0,0.0,3130.0,Banked,
2025,17797,South Florida Banquet,,Florida,Florida,22934.0,0.0,0.0,0.0,0.0,0.0,22934.0,Banked,
2025,17798,University of Central Oklahoma (MSA),,Emerging Southwest,Oklahoma,235.0,0.0,0.0,0.0,0.0,0.0,235.0,Banked,
2025,17799,University of Cincinnati (MSA),,Emerging Midwest,Ohio,578.0,0.0,0.0,0.0,0.0,0.0,578.0,Banked,
2025,17800,"University of Colorado, Boulder (MSA)",,Emerging Southwest,Colorado,926.0,0.0,0.0,0.0,0.0,0.0,926.0,Banked,
2025,17801,"University of Connecticut, Hartford (MSA)",,New England,Connecticut,2430.5,0.0,0.0,0.0,0.0,0.0,2430.5,Banked,
2025,17802,"University of Connecticut, Stamford (MSA)",,New England,Connecticut,0.0,0.0,0.0,0.0,0.0,0.0,0.0,Confirmed - No Donations,
2025,17803,"University of Connecticut, Storrs (MSA)",,New England,Connecticut,2529.5,0.0,0.0,0.0,0.0,0.0,2529.5,Banked,
2025,17804,University of Dayton (MSA),,Emerging Midwest,Ohio,373.0,0.0,0.0,0.0,0.0,0.0,373.0,Banked,
2025,17805,University of Delaware (MSA),,DMV,Delaware,7317.0,0.0,0.0,0.0,0.0,0.0,7317.0,Banked,
2025,17806,University of Georgia (PSA),,Emerging Midwest,Georgia,1268.0,0.0,0.0,0.0,0.0,0.0,1268.0,Banked,
2025,17807,University of Holy Cross (MSA),,Emerging Midwest,Louisiana,0.0,0.0,0.0,0.0,0.0,0.0,0.0,Confirmed - No Donations,
2025,17808,University of Holy Cross,,Emerging Midwest,Louisiana,0.0,0.0,0.0,0.0,0.0,0.0,0.0,Confirmed - No Donations,
2025,17809,University of Houston (MSA),,Houston - Texas,Houston - Texas,14109.0,0.0,0.0,0.0,0.0,0.0,14109.0,Banked,
2025,17810,"University of Houston, Clear Lake (MSA)",,Houston - Texas,Houston - Texas,300.0,0.0,0.0,0.0,0.0,0.0,300.0,Banked,
2025,17811,University of Illinois Chicago College of Medicine (MMSA),,Emerging Midwest,Illinois,30.0,0.0,0.0,0.0,0.0,0.0,30.0,Banked,
2025,17812,University of Illinois Urbana-Champaign (MSA),1274,Emerging Midwest,Illinois,0.0,735.0,0.0,0.0,0.0,0.0,735.0,Banked,
2025,17813,University of Kansas (MSA),,Emerging Midwest,Kansas City,1173.0,812.0,0.0,0.0,0.0,0.0,1985.0,Banked,
2025,17814,University of Kentucky (MSA),,Emerging Midwest,Kentucky,0.0,0.0,0.0,0.0,0.0,0.0,0.0,Banked,
2025,17815,University of Louisville (MSA),,Emerging Midwest,Kentucky,430.0,0.0,0.0,0.0,0.0,0.0,430.0,Banked,
2025,17816,University of Maryland College Park (MSA),,DMV,Maryland,627.0,0.0,0.0,0.0,0.0,0.0,627.0,Banked,
2025,17817,"University of Massachusetts, Amherst (MSA)",,New England,Massachusetts,3077.0,0.0,0.0,0.0,0.0,0.0,3077.0,Banked,
2025,17818,"University of Massachusetts, Boston (MSA)",,New England,Massachusetts,1828.15,0.0,0.0,0.0,0.0,0.0,1828.15,Banked,
2025,17819,"University of Massachusetts, Lowell (MSA)",,New England,Massachusetts,7280.15,0.0,0.0,0.0,0.0,0.0,7280.15,Banked,
2025,17820,University of Miami (MSA),,Florida,Florida,2886.0,0.0,0.0,0.0,0.0,0.0,2886.0,Banked,
2025,17821,"University of Missouri, Kansas City (AMMSA)",,Emerging Midwest,Kansas City,125.0,0.0,0.0,0.0,0.0,0.0,125.0,Banked,
2025,17822,"University of Missouri, Kansas City (MSA)",,Emerging Midwest,Kansas City,2000.0,120.0,0.0,0.0,0.0,0.0,2120.0,Banked,
2025,17823,Al-Madinah Cultural Center (AMCC),,Emerging Midwest,Minnesota,0.0,171.0,0.0,0.0,0.0,0.0,171.0,Banked,
2025,17824,University of Minnesota Twin Cities (MSA),,Emerging Midwest,Minnesota,1098.0,0.0,0.0,0.0,0.0,0.0,1098.0,Banked,
2025,17825,University of Missouri- Saint Louis (MSA),,Emerging Midwest,Missouri,250.0,0.0,0.0,0.0,0.0,0.0,250.0,Banked,
2025,17826,"University of Missouri, Columbia (AMMSA)",,Emerging Midwest,Missouri,0.0,0.0,0.0,0.0,0.0,0.0,0.0,Banked,
2025,17827,"University of Missouri, Columbia (MSA)",,Emerging Midwest,Missouri,20.0,400.71,0.0,0.0,0.0,0.0,420.71,Banked,
2025,17828,"University of Nevada, Las Vegas (MSA)",,Emerging Southwest,Nevada,1600.0,0.0,0.0,0.0,0.0,0.0,1600.0,Banked,
2025,17829,"University of Nevada, Reno (MSA)",,Emerging Southwest,Nevada,356.0,0.0,0.0,0.0,0.0,0.0,356.0,Banked,
2025,17830,University of New England (MSA),,New England,Maine,1213.0,0.0,0.0,0.0,0.0,0.0,1213.0,Banked,
2025,17831,University of New Haven (MSA),1297,New England,Connecticut,29.0,0.0,0.0,0.0,0.0,0.0,29.0,Banked,
2025,17832,University of New Mexico (MSA & DUNYA),,Emerging Southwest,New Mexico,0.0,0.0,0.0,0.0,0.0,0.0,0.0,Banked,
2025,17833,"University of New Mexico, University (MSA)",,Emerging Southwest,New Mexico,8425.0,0.0,0.0,0.0,0.0,0.0,8425.0,Banked,
2025,17834,University of New Orleans (MSA),,Emerging Midwest,Louisiana,516.0,0.0,0.0,0.0,0.0,0.0,516.0,Banked,
2025,17835,University of North Carolina (SNS),,North Carolina,North Carolina,0.0,133.0,0.0,0.0,0.0,0.0,133.0,Banked,This should say SNS (shelter and support) not MSA
2025,17836,University of North Carolina at Charlotte (MSA),,North Carolina,North Carolina,2253.0,0.0,0.0,0.0,0.0,0.0,2253.0,Banked,
2025,17839,University of North Carolina at Charlotte (UMR),,North Carolina,North Carolina,1579.0,0.0,0.0,0.0,0.0,0.0,1579.0,Banked,
2025,17840,University of North Carolina at Greensboro (MSA),,North Carolina,North Carolina,0.0,0.0,0.0,0.0,0.0,0.0,0.0,Confirmed - No Donations,
2025,17841,"University of North Carolina, Chapel Hill (MSA)",,North Carolina,North Carolina,1238.0,0.0,0.0,0.0,0.0,0.0,1238.0,Banked,
2025,17842,"University of North Carolina, Chapel Hill (Pakistan Society)",,North Carolina,North Carolina,567.0,0.0,0.0,0.0,0.0,0.0,567.0,Banked,
2025,17843,University of North Dakota (MSA),,Emerging Midwest,North Dakota,1555.0,0.0,0.0,0.0,0.0,0.0,1555.0,Banked,
2025,17844,University of North Texas (MSA),1301,Dallas - Texas,Dallas - Texas,627.0,0.0,0.0,0.0,0.0,0.0,627.0,Banked,
2025,17845,University of Oklahoma (MSA),1304,Emerging Southwest,Oklahoma,1245.0,0.0,55.0,0.0,0.0,0.0,1300.0,Banked,
2025,17846,University of Pennsylvania (MSA),,Emerging Midwest,Pennsylvania,0.0,399.0,0.0,0.0,0.0,0.0,399.0,Banked,
2025,17847,University of Pittsburgh (MSA),,New England,,0.0,0.0,0.0,0.0,0.0,0.0,0.0,Confirmed - No Donations,was supposed to be Masjid Al Rahman
2025,17848,University of Rhode Island (MSA),,New England,Rhode Island,1277.2,0.0,0.0,316.0,0.0,0.0,1593.2,Banked,
2025,17849,University of Rochester (MSA),,Upstate - New York,Upstate - New York,444.0,110.0,0.0,0.0,0.0,0.0,554.0,Banked,
2025,17850,University of South Alabama (MSA),,Emerging Midwest,Alabama,1258.0,0.0,0.0,0.0,0.0,0.0,1258.0,Banked,
2025,17851,University of South Flordia (MEA),,Florida,Florida,0.0,0.0,0.0,0.0,0.0,0.0,0.0,Confirmed - No Donations,
2025,17852,University of South Florida (MSA),,Florida,Florida,3791.0,0.0,0.0,0.0,0.0,0.0,3791.0,Banked,
2025,17853,University of Southern California (MSU),,California,California,387.0,0.0,0.0,0.0,0.0,0.0,387.0,Banked,
2025,17854,University of Tennessee Health Science Center (AMMSA),,Emerging Midwest,Tennessee,0.0,0.0,0.0,0.0,0.0,0.0,0.0,Confirmed - No Donations,
2025,17855,University of Texas Arlington (MSA),,Dallas - Texas,Dallas - Texas,550.0,0.0,0.0,0.0,0.0,0.0,550.0,Banked,Collaborated with Amanah
2025,17856,University of Texas Medical Branch,1335,Houston - Texas,Houston - Texas,0.0,0.0,0.0,0.0,0.0,0.0,0.0,Confirmed - No Donations,
2025,17857,"University of Texas, Austin (BMA)",,Dallas - Texas,Dallas - Texas,0.0,0.0,0.0,0.0,0.0,0.0,0.0,Banked,
2025,17858,"University of Texas, Austin (MPS)",,Dallas - Texas,Dallas - Texas,0.0,0.0,0.0,0.0,0.0,0.0,0.0,Banked,Sent donations under UT Austin UMR
2025,17859,"University of Texas, Austin (MSA)",,Dallas - Texas,Dallas - Texas,218.0,0.0,0.0,0.0,0.0,0.0,218.0,Banked,
2025,17860,"University of Texas, Austin (PSA)",,Dallas - Texas,Dallas - Texas,110.0,0.0,0.0,0.0,0.0,0.0,110.0,Banked,
2025,17861,"University of Texas, Austin (UMR)",,Dallas - Texas,Dallas - Texas,0.0,0.0,0.0,0.0,0.0,0.0,0.0,Banked,
2025,17862,"University of Texas, Dallas (Islamic Relief)",,Dallas - Texas,Dallas - Texas,27814.0,0.0,0.0,0.0,1650.0,0.0,29464.0,Banked,
2025,17863,"University of Texas, Tyler (MSA)",,Dallas - Texas,Dallas - Texas,1000.0,162.0,0.0,0.0,0.0,0.0,1162.0,Banked,
2025,17864,University of Toledo (MSA),,Emerging Midwest,Ohio,280.0,0.0,0.0,0.0,0.0,0.0,280.0,Banked,
2025,17865,University of Virginia (MSA),,DMV,Virginia,582.0,0.0,0.0,0.0,0.0,0.0,582.0,Banked,
2025,17866,"University of Wisconsin, Madison (MSA)",,Emerging Midwest,Wisconsin,1159.0,1000.0,0.0,0.0,0.0,0.0,2159.0,Banked,
2025,17867,"University of Wisconsin, Milwaukee (MSA)",,Emerging Midwest,Wisconsin,34001.0,0.0,0.0,0.0,0.0,0.0,34001.0,Banked,
2025,17868,Urban Assembly School for Leadership and Empowerment (MSA),,Downstate - New York,Downstate - New York,0.0,0.0,0.0,0.0,0.0,0.0,0.0,Confirmed - No Donations,
2025,17869,Valley Stream Central High School (MSA),,Downstate - New York,Downstate - New York,500.0,0.0,0.0,0.0,0.0,0.0,500.0,Banked,
2025,17870,Valley Stream North (MSA),,Downstate - New York,Downstate - New York,110.0,0.0,0.0,288.0,0.0,0.0,398.0,Banked,
2025,17871,Valley Stream South High School (MSA),,Downstate - New York,Downstate - New York,0.0,0.0,0.0,0.0,0.0,0.0,0.0,Confirmed - No Donations,
2025,17872,Vanderbilt University (MSA),,Emerging Midwest,Tennessee,7641.0,0.0,0.0,0.0,0.0,0.0,7641.0,Confirmed - No Donations,
2025,17873,Vanderbilt University School of Medicine (AMMSA),,Emerging Midwest,Tennessee,0.0,0.0,0.0,0.0,0.0,0.0,0.0,Banked,
2025,17874,Virginia Commonwealth University (MSA),,DMV,Virginia,2.0,3698.9,0.0,0.0,0.0,0.0,3700.9,Banked,
2025,17875,Wagner College (MSA),1392,Downstate - New York,Downstate - New York,894.0,0.0,0.0,0.0,0.0,0.0,894.0,Banked,
2025,17876,Washington State University (MSA),,Emerging Southwest,Washington,250.0,0.0,0.0,0.0,0.0,0.0,250.0,Banked,
2025,17877,Wayne State University (MSA),1396,Michigan,Michigan,2700.0,0.0,0.0,0.0,0.0,0.0,2700.0,Banked,
2025,17878,Wellesley College (MSA),,New England,Massachusetts,2360.15,610.0,0.0,0.0,0.0,207.0,3177.15,Banked,2254.5
2025,17879,Wentworth Institute of Technology (MSA),,New England,Massachusetts,1303.15,0.0,0.0,0.0,0.0,0.0,1303.15,Banked,
2025,17880,West Chester University of Pennsylvania (MSA),,Emerging Midwest,Pennsylvania,1009.0,0.0,0.0,0.0,0.0,0.0,1009.0,Banked,
2025,17881,West High School (MSA),,Houston - Texas,Houston - Texas,0.0,0.0,0.0,0.0,0.0,0.0,0.0,Confirmed - No Donations,
2025,17882,West Ranch High School (MSA),,California,California,300.0,0.0,0.0,0.0,0.0,0.0,300.0,Banked,
2025,17883,West Virginia University (MSA),,Emerging Midwest,West Virginia,263.0,0.0,0.0,0.0,0.0,0.0,263.0,Banked,
2025,17884,Western Connecticut State University (MSA),1407,New England,Connecticut,792.5,0.0,0.0,0.0,0.0,0.0,792.5,Banked,
2025,17885,Western Kentucky University (MSA),,Emerging Midwest,Kentucky,0.0,0.0,0.0,0.0,0.0,0.0,0.0,Confirmed - No Donations,
2025,17886,Western Michigan University (MSA),1409,Michigan,Michigan,1023.0,0.0,0.0,0.0,0.0,84.0,1107.0,Banked,
2025,17887,William and Mary (MSA),,DMV,Virginia,1650.0,0.0,0.0,0.0,0.0,0.0,1650.0,Banked,
2025,17888,William P. Clements MSA,,Houston - Texas,Houston - Texas,0.0,0.0,0.0,0.0,0.0,0.0,0.0,Confirmed - No Donations,
2025,17889,Worcester Polytechnic Institute (MSA),,New England,Massachusetts,1425.15,0.0,0.0,0.0,0.0,0.0,1425.15,Banked,
2025,17890,Wylie High School (MSA),1438,Dallas - Texas,Dallas - Texas,100.0,0.0,0.0,0.0,0.0,0.0,100.0,Banked,
2025,17891,Xavier University of New Orleans,,Emerging Midwest,Louisiana,0.0,0.0,0.0,0.0,0.0,0.0,0.0,Banked,
2025,17892,Ya Hala Halal,,Upstate - New York,Upstate - New York,0.0,0.0,0.0,0.0,0.0,0.0,0.0,Confirmed - No Donations,
2025,17893,Yale University (MSA),,New England,Connecticut,1387.5,0.0,0.0,0.0,0.0,0.0,1387.5,Banked,
2025,17894,"Young Muslims, Albany (Brothers)",,Upstate - New York,Upstate - New York,0.0,0.0,0.0,0.0,0.0,0.0,0.0,Confirmed - No Donations,
2025,17895,"Young Muslims, East Brunswick (Sisters)",,New Jersey,New Jersey,1271.0,0.0,0.0,0.0,0.0,0.0,1271.0,Banked,
2025,17896,"Young Muslims, Edison (Sisters)",,New Jersey,New Jersey,0.0,0.0,0.0,0.0,0.0,0.0,0.0,Confirmed - No Donations,
2025,17897,"Young Muslims, Florida (Brothers)",,Florida,Florida,0.0,0.0,0.0,0.0,0.0,0.0,0.0,Confirmed - No Donations,
2025,17898,"Young Muslims, Jacksonville",,Florida,Florida,0.0,0.0,0.0,0.0,0.0,0.0,0.0,Confirmed - No Donations,
2025,17899,"Young Muslims, Jersey City (Brothers)",,New Jersey,New Jersey,0.0,0.0,0.0,0.0,0.0,0.0,0.0,Banked,No amount in LG but contributed to the Hoops 4 Hope event
2025,17900,"Young Muslims, Jersey City (Sisters)",,New Jersey,New Jersey,0.0,0.0,0.0,0.0,0.0,0.0,0.0,Confirmed - No Donations,
2025,17901,"Young Muslims, North Morris County",,New Jersey,New Jersey,0.0,0.0,0.0,0.0,0.0,0.0,0.0,Banked,No amount in LG but contributed to the Hoops 4 Hope event
2025,17902,"Young Muslims, Pembroke Pines (Brothers)",,Florida,Florida,0.0,0.0,0.0,0.0,0.0,0.0,0.0,Confirmed - No Donations,
2025,17903,"Young Muslims, Pennsylvania (Brothers)",,Emerging Midwest,Pennsylvania,0.0,310.0,0.0,0.0,0.0,0.0,310.0,Banked,
2025,17904,"Young Muslims, Pompano (Sisters)",,New Jersey,New Jersey,0.0,0.0,0.0,0.0,0.0,0.0,0.0,Confirmed - No Donations,
2025,17905,"Young Muslims, Pompano Beach (Brothers)",1493,Florida,Florida,0.0,0.0,0.0,0.0,0.0,0.0,0.0,Confirmed - No Donations,
2025,17906,"Young Muslims, Richardson (Brothers)",,Dallas - Texas,Dallas - Texas,0.0,0.0,0.0,0.0,0.0,0.0,0.0,Confirmed - No Donations,
2025,17907,"Young Muslims, Sayreville (Sisters)",,New Jersey,New Jersey,350.0,0.0,0.0,0.0,0.0,0.0,350.0,Banked,
2025,17908,"Young Muslims, Sharon (Brothers)",,New England,Massachusetts,15.0,0.0,0.0,0.0,0.0,0.0,15.0,Banked,raised money with MYRI
2025,17909,"Young Muslims, South Florida (Sisters)",,Florida,Florida,0.0,0.0,0.0,0.0,0.0,0.0,0.0,Confirmed - No Donations,
2025,17910,"Young Muslims, Suwanee (Brothers)",,Emerging Midwest,Georgia,311.0,0.0,0.0,0.0,0.0,0.0,311.0,Banked,
2025,17911,"Young Muslims, Teaneck (Brothers)",,New Jersey,New Jersey,1250.0,0.0,0.0,0.0,0.0,0.0,1250.0,Banked,"Renamed LG to ""Hoops 4 Hope"", YM Jersery City (Brothers) and Morris County Brothers contributed to amount did not collect on individual pages, for annual dinner can collect this amount as total for all 3 and have them as YM North Jersey Brothers"
2025,17912,"Young Muslims, Teaneck (Sisters)",,New Jersey,New Jersey,0.0,0.0,0.0,0.0,0.0,0.0,0.0,Confirmed - No Donations,
2025,17913,"Young Muslims, Valley Ranch (Sisters)",,Dallas - Texas,Dallas - Texas,0.0,0.0,0.0,0.0,0.0,0.0,0.0,Confirmed - No Donations,
2025,17914,"Young Muslims, Worcester (Brothers)",,New England,Massachusetts,50.0,0.0,0.0,0.0,0.0,0.0,50.0,Banked,might have not done anything
2025,18230,901 Ummah,,Emerging Midwest,Tennessee,0.0,0.0,0.0,0.0,0.0,0.0,0.0,Banked,
2025,18231,Academy of Greatness and Excellence,,New Jersey,New Jersey,0.0,0.0,1363.57,0.0,0.0,0.0,1363.57,Banked,
2025,18232,Austin Community College (MSA),,Dallas - Texas,Dallas - Texas,918.0,0.0,0.0,0.0,0.0,0.0,918.0,Banked,
2025,18233,Bassem Warsi,,National,,0.0,0.0,0.0,0.0,0.0,0.0,0.0,Banked,
2025,18234,Borough of Manhattan Community College,,Downstate - New York,Downstate - New York,0.0,0.0,0.0,0.0,0.0,0.0,0.0,Confirmed - No Donations,
2025,18235,Brandon Grace,,National,,0.0,0.0,0.0,0.0,0.0,0.0,0.0,Banked,
2025,18236,Central Michigan University (MSA),,Michigan,Michigan,277.0,0.0,300.0,0.0,0.0,0.0,577.0,Banked,
2025,18237,Clemson University (MSA),,North Carolina,South Carolina,3012.0,0.0,0.0,0.0,0.0,0.0,3012.0,Banked,
2025,18238,De Anza College (MSA),,California,California,114.0,0.0,0.0,0.0,0.0,0.0,114.0,Banked,
2025,18239,East Carolina University (MSA),,North Carolina,North Carolina,500.0,0.0,0.0,0.0,0.0,0.0,500.0,Banked,
2025,18240,"Exquisites Group, LLC",,Emerging Midwest,Georgia,0.0,0.0,0.0,0.0,0.0,0.0,0.0,Banked,
2025,18241,Hillside Islamic Center,419,Downstate - New York,Downstate - New York,757.0,0.0,0.0,0.0,0.0,0.0,757.0,Banked,
2025,18242,Ihsan,,California,California,0.0,0.0,0.0,0.0,0.0,2000.0,2000.0,Not Banked,Will directly transfer to IR
2025,18243,Islamic School of Staten Island,,Downstate - New York,Downstate - New York,2614.0,0.0,0.0,0.0,0.0,0.0,2614.0,Banked,
2025,18244,Jamaat Ibad Ar-Rahman,,North Carolina,North Carolina,429.0,0.0,0.0,0.0,0.0,0.0,429.0,Banked,
2025,18245,JMIC Sunday School 7th and 8th Grade Students,,New Jersey,New Jersey,3400.0,0.0,4951.74,0.0,0.0,0.0,8351.74,Banked,Funds are in GoFundMe and taking time to transfer once transferred will write a check to IR
2025,18246,Joud Sharaf,,National,,0.0,0.0,0.0,0.0,0.0,0.0,0.0,Banked,
2025,18247,LMC Sunday School,,California,California,1842.0,0.0,0.0,0.0,1460.0,0.0,3302.0,Banked,
2025,18248,Masjid Al-Islam,,New England,Rhode Island,824.0,0.0,0.0,0.0,0.0,0.0,824.0,Banked,
2025,18249,Matcha Garden,,Emerging Midwest,Georgia,0.0,0.0,0.0,0.0,0.0,0.0,0.0,Banked,
2025,18250,Middlesex College (MSA),,New Jersey,New Jersey,25.0,0.0,0.0,0.0,0.0,0.0,25.0,Banked,
2025,18251,Rutgers Newark and New Jersey Institute of Technology Collab,,New Jersey,New Jersey,6867.0,0.0,0.0,0.0,0.0,0.0,6867.0,Banked,
2025,18252,Stony Brook University (MSA),,Downstate - New York,Downstate - New York,29033.0,0.0,0.0,0.0,0.0,0.0,29033.0,Banked,
2025,18253,The Muhsineen,,DMV,Virginia,185.0,0.0,0.0,0.0,0.0,0.0,185.0,Banked,
2025,18254,University of Michigan (MSA),,Michigan,Michigan,670.0,0.0,0.0,0.0,0.0,0.0,670.0,Banked,
2025,18255,"University of Michigan, Medical School",,Michigan,Michigan,305.0,0.0,0.0,0.0,0.0,0.0,305.0,Banked,
2025,18256,University of Texas Arlington (Amanah Association),,Dallas - Texas,Dallas - Texas,0.0,0.0,0.0,0.0,0.0,0.0,0.0,Banked,"Sent donations under UT Arlington MSA i think, they said they collaborated"
2025,18257,University of Texas Arlington (SSA),,Dallas - Texas,Dallas - Texas,0.0,0.0,0.0,0.0,0.0,0.0,0.0,Banked,
2025,18258,Willow Spring High School (MSA),,North Carolina,North Carolina,8.0,0.0,0.0,0.0,0.0,137.3,145.3,Banked,Also had some donations in LG
2025,18259,"Young Muslims, Berkeley",,California,California,30.0,0.0,0.0,0.0,0.0,0.0,30.0,Banked,
2025,18260,"Young Muslims, Morris County (Sisters)",,New Jersey,New Jersey,0.0,0.0,0.0,0.0,0.0,0.0,0.0,Confirmed - No Donations,
2025,18275,"New York Institute of Technology, Long Island (MSA)",,Downstate - New York,Downstate - New York,0.0,0.0,0.0,0.0,0.0,0.0,0.0,Banked,
2025,18276,"Masjid Al-Rahman, Pawtucket RI",668,New England,Rhode Island,1637.0,0.0,0.0,0.0,7782.66,0.0,9419.66,Banked,
2025,18277,Kanza Choudhry,,National,,0.0,0.0,0.0,0.0,0.0,0.0,0.0,Banked,
2025,18278,An-Noor Fashion,,Emerging Midwest,Georgia,0.0,0.0,0.0,0.0,0.0,0.0,0.0,Banked,
2025,18279,University of South Florida (TMC),,Florida,Florida,0.0,0.0,0.0,0.0,0.0,0.0,0.0,Confirmed - No Donations,
2025,18280,"University of North Carolina, Chapel Hill (ASO)",,North Carolina,North Carolina,0.0,0.0,0.0,0.0,0.0,0.0,0.0,Confirmed - No Donations,
2025,18281,"California State Polytechnic University, San Luis Obispo (MSA)",,California,California,2600.0,0.0,0.0,0.0,0.0,0.0,2600.0,Banked,
2025,18282,Muslim Youth of San Diego,835,California,California,2318.0,0.0,0.0,0.0,0.0,0.0,2318.0,Banked,
2025,18283,Tufts University (MSA),1165,New England,Massachusetts,923.15,1065.0,0.0,0.0,0.0,0.0,1988.15,Banked,
2025,18284,Malden Islamic Center Youth - Girls,643,New England,Massachusetts,1419.0,0.0,0.0,0.0,0.0,0.0,1419.0,Banked,finishing up
2025,18285,Sara Ghauri,,National,,0.0,0.0,0.0,0.0,0.0,0.0,0.0,Banked,
2025,18286,High Point University (MSA),,North Carolina,North Carolina,0.0,0.0,0.0,0.0,0.0,0.0,0.0,Confirmed - No Donations,
2025,18287,Central Connecticut State University (MSA),208,New England,Connecticut,1214.0,0.0,0.0,0.0,0.0,0.0,1214.0,Banked,check with aya modni (8607973598)
2025,18288,Jam-E-Masjid Islamic Center,,New Jersey,New Jersey,170.0,0.0,0.0,0.0,0.0,0.0,170.0,Banked,
2025,18356,Darul Arqam School,,New Jersey,New Jersey,1586.0,0.0,0.0,0.0,0.0,0.0,1586.0,Banked,
2025,18358,Cinegroove,225,New England,Massachusetts,55.0,0.0,0.0,0.0,0.0,0.0,55.0,Banked,
2025,18359,Sara,,National,,0.0,0.0,0.0,0.0,0.0,0.0,0.0,Banked,
2025,18360,Muslim Artists of North Carolina (MANC),785,North Carolina,North Carolina,1256.0,0.0,0.0,0.0,0.0,0.0,1256.0,Banked,11179.3 is the total
2025,18361,Talibaat,,New Jersey,New Jersey,1284.0,0.0,0.0,0.0,0.0,0.0,1284.0,Banked,Has 2 LG pages will consider one with the amount
2025,18362,Georgia Unity Event (CW Bazaar),,Emerging Midwest,,0.0,0.0,0.0,0.0,0.0,0.0,0.0,Banked,
2025,18387,"Young Muslims, Brooklyn (Brothers)",,Downstate - New York,Downstate - New York,810.0,0.0,0.0,0.0,0.0,0.0,810.0,Banked,
2025,18388,University of Denver (MSA),1256,Emerging Southwest,Colorado,139.0,0.0,0.0,0.0,0.0,0.0,139.0,Banked,
2025,18389,Rider University,,New Jersey,New Jersey,0.0,0.0,0.0,0.0,0.0,0.0,0.0,Confirmed - No Donations,
2025,18390,Massachusetts Regional Unity Event,,New England,Massachusetts,1000.0,55.0,0.0,0.0,0.0,0.0,1055.0,Banked,
2025,18391,Connecticut Regional Unity Event,,New England,,0.0,0.0,0.0,0.0,0.0,0.0,0.0,Banked,
2025,18392,Rhode Island Regional Unity Event,,New England,,0.0,0.0,0.0,0.0,0.0,0.0,0.0,Banked,
2025,17427,Charity Week USA,,National,National,2623.0,0.0,0.0,0.0,0.0,0.0,2623.0,Banked,General Fund
2025,16974,Charity Week USA,,National,National,825.0,0.0,0.0,0.0,0.0,0.0,825.0,Banked,General Fund
2025,18519,Miftaah Institute,722,Michigan,Michigan,420.0,0.0,0.0,0.0,0.0,0.0,420.0,Banked,
